lsm,enb_PCI,900M_max_prb,1.8G_max_prb,1.8H_max_prb,1.8E_max_prb,2.1E_max_prb,2.1G_max_prb,fa,900M_rrc_rate,1.8G_rrc_rate,1.8H_rrc_rate,1.8E_rrc_rate,2.1E_rrc_rate,2.1G_rrc_rate,type_MCMC,ru,RS_POWER,count
LSM5,SEC0005861_81,73.7,81.3,65.8,0.0,64.6,0.0,4,11%,34%,37%,0%,18%,0%,MCMC,2,ci_pwrOpt_Same,1
LSM5,SEC0005862_73,71.6,43.2,36.6,0.0,39.9,0.0,4,20%,24%,37%,0%,19%,0%,MCMC,2,ci_pwrOpt_Same,1
LSM5,SEC0005865_388,74.0,55.3,33.7,0.0,32.9,0.0,4,26%,36%,23%,0%,15%,0%,MCMC,2,ci_pwrOpt_Same,2
LSM7,SEC0005872_442,73.4,84.9,66.4,0.0,64.4,0.0,4,15%,33%,25%,0%,27%,0%,MCMC,2,ci_pwrOpt_Half,3
LSM7,SEC0005873_220,77.2,66.6,76.9,0.0,54.9,0.0,4,15%,30%,34%,0%,21%,0%,MCMC,2,ci_pwrOpt_Same,1
LSM6,SEC0005874_291,82.4,0.0,0.0,0.0,0.0,0.0,1,100%,0%,0%,0%,0%,0%,MCMC,2,ci_pwrOpt_OneHalf,4
LSM6,SEC0005874_300,73.4,51.9,55.7,0.0,57.3,0.0,4,18%,23%,29%,0%,30%,0%,MCMC,2,ci_pwrOpt_Same,1
LSM4,SEC0005878_250,76.3,78.6,73.4,0.0,71.6,0.0,4,11%,35%,29%,0%,24%,0%,MCMC,2,ci_pwrOpt_Same,2
LSM3,SEC0005882_241,70.1,55.1,53.5,0.0,50.6,0.0,4,23%,39%,19%,0%,19%,0%,MCMC,2,ci_pwrOpt_Same,1
LSM9,SEC0005894_278,71.8,49.6,52.3,0.0,48.7,0.0,4,27%,13%,41%,0%,19%,0%,MCMC,2,ci_pwrOpt_Same,1
LSM2,SEC0005898_228,75.6,78.0,53.6,0.0,72.2,0.0,4,14%,43%,20%,0%,22%,0%,MCMC,2,ci_pwrOpt_Same,2
LSM2,SEC0005901_155,84.6,76.2,73.7,0.0,82.6,0.0,4,17%,35%,21%,0%,26%,0%,MCMC,1,ci_pwrOpt_Same,2
LSM2,SEC0005901_72,96.7,92.7,93.1,0.0,90.9,0.0,4,15%,42%,28%,0%,14%,0%,MCMC,2,ci_pwrOpt_Same,7
LSM2,SEC0005903_100,71.0,52.0,54.3,0.0,53.7,0.0,4,21%,41%,22%,0%,16%,0%,MCMC,1,ci_pwrOpt_Same,1
LSM2,SEC0005905_307,73.7,62.0,54.5,0.0,55.2,0.0,4,23%,34%,22%,0%,21%,0%,MCMC,2,ci_pwrOpt_Same,2
LSM2,SEC0005908_290,78.4,45.8,0.0,0.0,47.4,0.0,3,20%,54%,0%,0%,27%,0%,MCMC,1,ci_pwrOpt_Same,1
LSM2,SEC0005910_247,82.3,80.7,84.0,0.0,70.7,0.0,4,16%,43%,23%,0%,18%,0%,MCMC,1,ci_pwrOpt_Same,4
LSM2,SEC0005920_236,73.1,50.2,0.0,0.0,40.5,0.0,3,26%,53%,0%,0%,21%,0%,MCMC,2,ci_pwrOpt_Same,1
LSM2,SEC0005921_341,81.2,72.1,0.0,0.0,51.6,0.0,3,18%,54%,0%,0%,28%,0%,MCMC,2,ci_pwrOpt_Same,2
LSM6,SEC0006132_443,72.8,64.0,54.4,0.0,0.0,0.0,3,23%,46%,31%,0%,0%,0%,MCMC,1,ci_pwrOpt_Half,1
LSM10,SEC0006134_330,72.8,46.8,31.4,0.0,0.0,36.1,4,25%,42%,20%,0%,0%,13%,MCMC,3,ci_pwrOpt_Same,1
LSM5,SEC0006135_350,86.2,79.4,59.0,0.0,0.0,74.2,4,12%,34%,24%,0%,0%,31%,MCMC,2,ci_pwrOpt_Half,2
LSM5,SEC0006137_355,81.1,58.4,61.2,0.0,60.1,0.0,4,25%,24%,30%,0%,21%,0%,MCMC,1,ci_pwrOpt_Same,1
LSM5,SEC0006141_145,79.8,61.8,56.7,0.0,57.7,0.0,4,20%,30%,37%,0%,13%,0%,MCMC,1,ci_pwrOpt_Same,1
LSM5,SEC0006146_22,74.8,79.8,80.5,0.0,72.8,0.0,4,17%,24%,41%,0%,18%,0%,MCMC,3,ci_pwrOpt_Same,1
LSM5,SEC0006147_422,71.5,47.0,67.0,0.0,55.8,0.0,4,30%,13%,28%,0%,30%,0%,MCMC,2,ci_pwrOpt_Same,1
LSM6,SEC0006149_217,80.0,89.1,0.0,0.0,0.0,0.0,2,32%,68%,0%,0%,0%,0%,MCMC,2,ci_pwrOpt_OneHalf,3
LSM6,SEC0006150_93,96.0,28.5,29.0,0.0,0.0,0.0,3,17%,50%,32%,0%,0%,0%,MCMC,2,ci_pwrOpt_OneHalf,1
LSM7,SEC0006151_1,72.2,64.6,50.3,0.0,48.7,0.0,4,17%,29%,25%,0%,28%,0%,MCMC,1,ci_pwrOpt_Same,1
LSM7,SEC0006151_348,83.0,60.9,64.1,0.0,55.9,0.0,4,16%,28%,34%,0%,22%,0%,MCMC,2,ci_pwrOpt_Same,2
LSM6,SEC0006155_205,74.8,66.6,49.2,0.0,54.6,0.0,4,23%,25%,22%,0%,29%,0%,MCMC,2,ci_pwrOpt_Half,1
LSM10,SEC0006159_313,71.5,68.8,70.6,0.0,75.1,0.0,4,14%,21%,38%,0%,27%,0%,MCMC,2,ci_pwrOpt_Half,1
LSM10,SEC0006159_70,85.5,66.5,36.1,0.0,0.0,0.0,3,26%,45%,29%,0%,0%,0%,MCMC,2,ci_pwrOpt_Same,4
LSM10,SEC0006159_83,74.2,30.6,36.8,0.0,31.1,0.0,4,15%,24%,35%,0%,26%,0%,MCMC,1,ci_pwrOpt_OneHalf,1
LSM4,SEC0006160_103,71.6,76.2,72.4,0.0,66.9,0.0,4,25%,30%,27%,0%,18%,0%,MCMC,1,ci_pwrOpt_Same,1
LSM4,SEC0006162_174,98.1,98.1,94.7,0.0,64.2,0.0,4,14%,34%,31%,0%,21%,0%,MCMC,1,ci_pwrOpt_Same,15
LSM4,SEC0006162_193,71.6,74.5,69.8,0.0,72.2,0.0,4,15%,36%,26%,0%,23%,0%,MCMC,2,ci_pwrOpt_Same,1
LSM4,SEC0006162_311,86.4,78.6,49.2,0.0,39.7,0.0,4,19%,36%,24%,0%,21%,0%,MCMC,1,ci_pwrOpt_Same,9
LSM4,SEC0006163_65,74.9,67.3,71.6,0.0,67.4,0.0,4,20%,22%,40%,0%,18%,0%,MCMC,2,ci_pwrOpt_Same,1
LSM4,SEC0006165_142,78.2,58.6,0.0,0.0,64.1,0.0,3,31%,42%,0%,0%,27%,0%,MCMC,2,ci_pwrOpt_Half,1
LSM4,SEC0006166_21,73.6,50.5,53.6,0.0,52.6,0.0,4,26%,23%,26%,0%,25%,0%,MCMC,1,ci_pwrOpt_Same,1
LSM1,SEC0006169_118,72.0,60.3,53.7,0.0,0.0,0.0,3,9%,70%,21%,0%,0%,0%,MCMC,2,ci_pwrOpt_Same,1
LSM1,SEC0006169_129,99.9,98.2,99.5,0.0,99.9,0.0,4,12%,37%,26%,0%,25%,0%,MCMC,1,ci_pwrOpt_Same,15
LSM1,SEC0006169_308,74.7,65.5,0.0,0.0,56.4,0.0,3,23%,50%,0%,0%,27%,0%,MCMC,3,ci_pwrOpt_Same,2
LSM3,SEC0006170_99,81.3,57.8,65.7,0.0,55.7,0.0,4,26%,23%,25%,0%,26%,0%,MCMC,1,ci_pwrOpt_Same,5
LSM3,SEC0006172_349,84.1,73.9,73.0,0.0,86.0,0.0,4,16%,31%,25%,0%,29%,0%,MCMC,1,ci_pwrOpt_Same,2
LSM3,SEC0006172_86,70.0,60.3,0.0,0.0,47.8,0.0,3,23%,51%,0%,0%,26%,0%,MCMC,2,ci_pwrOpt_Same,1
LSM3,SEC0006173_198,85.8,50.5,0.0,0.0,72.8,0.0,3,32%,43%,0%,0%,26%,0%,MCMC,2,ci_pwrOpt_Same,2
LSM3,SEC0006173_310,77.7,61.5,0.0,0.0,0.0,0.0,2,26%,74%,0%,0%,0%,0%,MCMC,1,ci_pwrOpt_Same,4
LSM3,SEC0006175_428,71.4,40.9,43.2,0.0,56.4,0.0,4,25%,26%,23%,0%,26%,0%,MCMC,1,ci_pwrOpt_Same,1
LSM3,SEC0006175_95,73.6,46.6,47.1,0.0,45.9,0.0,4,21%,31%,22%,0%,26%,0%,MCMC,2,ci_pwrOpt_Same,2
LSM3,SEC0006175_96,75.8,78.7,50.5,0.0,57.8,0.0,4,14%,39%,23%,0%,24%,0%,MCMC,2,ci_pwrOpt_Same,3
LSM3,SEC0006179_150,84.3,88.2,0.0,0.0,0.0,0.0,2,20%,80%,0%,0%,0%,0%,MCMC,2,ci_pwrOpt_Same,2
LSM9,SEC0006188_334,79.1,70.6,48.7,0.0,0.0,0.0,3,28%,50%,22%,0%,0%,0%,MCMC,2,ci_pwrOpt_Same,2
LSM1,SEC0006191_15,81.1,87.5,0.0,0.0,0.0,0.0,2,20%,80%,0%,0%,0%,0%,MCMC,1,ci_pwrOpt_Same,6
LSM1,SEC0006191_180,78.0,67.8,0.0,0.0,0.0,0.0,2,36%,64%,0%,0%,0%,0%,MCMC,2,ci_pwrOpt_Same,1
LSM1,SEC0006191_72,81.6,71.3,68.4,0.0,61.7,0.0,4,17%,37%,22%,0%,24%,0%,MCMC,2,ci_pwrOpt_Same,4
LSM2,SEC0006196_46,92.9,34.4,0.0,0.0,0.0,0.0,2,19%,81%,0%,0%,0%,0%,MCMC,1,ci_pwrOpt_Same,1
LSM4,SEC0006569_226,70.9,47.5,0.0,0.0,0.0,0.0,2,20%,80%,0%,0%,0%,0%,MCMC,1,ci_pwrOpt_Half,1
LSM4,SEC0006570_171,75.0,73.2,73.3,0.0,0.0,0.0,3,31%,30%,38%,0%,0%,0%,MCMC,1,ci_pwrOpt_Half,3
LSM4,SEC0006571_272,83.1,70.5,0.0,0.0,31.0,0.0,3,20%,42%,0%,0%,38%,0%,MCMC,2,ci_pwrOpt_Same,1
LSM4,SEC0006571_424,77.0,76.9,0.0,0.0,0.0,0.0,2,19%,81%,0%,0%,0%,0%,MCMC,1,ci_pwrOpt_Same,2
LSM1,SEC0006573_397,82.9,58.4,60.5,0.0,25.3,0.0,4,28%,21%,22%,0%,29%,0%,MCMC,1,ci_pwrOpt_Same,4
LSM1,SEC0006576_443,89.3,81.3,32.4,0.0,0.0,0.0,3,22%,62%,15%,0%,0%,0%,MCMC,1,ci_pwrOpt_Same,3
LSM9,SEC0007113_112,87.5,85.1,64.1,0.0,0.0,0.0,3,29%,42%,29%,0%,0%,0%,MCMC,1,ci_pwrOpt_Same,2
LSM7,SEC0007118_435,90.1,79.1,0.0,0.0,0.0,0.0,2,33%,67%,0%,0%,0%,0%,MCMC,2,ci_pwrOpt_Same,3
LSM7,SEC0007121_216,84.8,86.0,0.0,0.0,0.0,0.0,2,21%,79%,0%,0%,0%,0%,MCMC,2,ci_pwrOpt_Half,2
LSM7,SEC0007121_73,80.4,69.3,50.7,0.0,0.0,0.0,3,16%,50%,34%,0%,0%,0%,MCMC,2,ci_pwrOpt_Same,2
LSM7,SEC0007122_128,73.2,68.8,52.7,0.0,0.0,0.0,3,19%,48%,33%,0%,0%,0%,MCMC,2,ci_pwrOpt_Half,2
LSM7,SEC0007122_164,70.6,0.0,0.0,0.0,0.0,0.0,1,100%,0%,0%,0%,0%,0%,MCMC,2,ci_pwrOpt_Same,1
LSM7,SEC0007122_400,90.8,76.2,75.7,0.0,0.0,0.0,3,19%,50%,32%,0%,0%,0%,MCMC,2,ci_pwrOpt_Half,4
LSM7,SEC0007123_320,79.6,82.9,82.1,0.0,0.0,0.0,3,18%,46%,36%,0%,0%,0%,MCMC,2,ci_pwrOpt_Half,3
LSM7,SEC0007124_188,87.1,50.8,0.0,0.0,0.0,0.0,2,38%,62%,0%,0%,0%,0%,MCMC,2,ci_pwrOpt_Same,7
LSM7,SEC0007125_322,86.3,50.5,0.0,0.0,0.0,0.0,2,21%,79%,0%,0%,0%,0%,MCMC,2,ci_pwrOpt_Half,1
LSM7,SEC0007128_147,70.8,38.1,32.2,0.0,0.0,0.0,3,20%,49%,31%,0%,0%,0%,MCMC,2,ci_pwrOpt_Same,1
LSM7,SEC0007129_371,82.3,81.0,78.5,0.0,0.0,0.0,3,21%,51%,28%,0%,0%,0%,MCMC,2,ci_pwrOpt_Half,2
LSM7,SEC0007132_5,79.6,58.3,57.9,0.0,0.0,0.0,3,21%,48%,31%,0%,0%,0%,MCMC,2,ci_pwrOpt_OneHalf,1
LSM6,SEC0007141_15,70.6,83.2,0.0,0.0,0.0,0.0,2,17%,83%,0%,0%,0%,0%,MCMC,1,ci_pwrOpt_Same,1
LSM6,SEC0007143_323,74.9,60.6,47.5,0.0,0.0,0.0,3,18%,49%,33%,0%,0%,0%,MCCC,3,ci_pwrOpt_Same,1
LSM6,SEC0007143_376,77.7,52.7,0.0,0.0,0.0,0.0,2,31%,69%,0%,0%,0%,0%,MCMC,2,ci_pwrOpt_Same,2
LSM6,SEC0007144_440,70.4,66.7,0.0,0.0,0.0,0.0,2,24%,76%,0%,0%,0%,0%,MCMC,2,ci_pwrOpt_Same,1
LSM6,SEC0007144_46,72.1,67.4,0.0,0.0,0.0,0.0,2,24%,76%,0%,0%,0%,0%,MCMC,2,ci_pwrOpt_Same,1
LSM6,SEC0007144_65,91.7,13.6,0.0,0.0,0.0,0.0,2,90%,10%,0%,0%,0%,0%,MCMC,3,ci_pwrOpt_Half,2
LSM6,SEC0007146_350,91.7,92.2,0.0,0.0,0.0,0.0,2,21%,79%,0%,0%,0%,0%,MCMC,1,ci_pwrOpt_Half,8
LSM6,SEC0007146_409,74.1,75.2,0.0,0.0,0.0,0.0,2,33%,67%,0%,0%,0%,0%,MCMC,1,ci_pwrOpt_Same,1
LSM6,SEC0007147_220,77.6,47.6,0.0,0.0,0.0,0.0,2,43%,57%,0%,0%,0%,0%,MCMC,2,ci_pwrOpt_Same,3
LSM6,SEC0007147_338,78.3,65.9,0.0,0.0,0.0,0.0,2,27%,73%,0%,0%,0%,0%,MCMC,1,ci_pwrOpt_Half,3
LSM6,SEC0007149_364,76.8,61.8,53.5,0.0,0.0,0.0,3,16%,53%,30%,0%,0%,0%,MCMC,3,ci_pwrOpt_Same,3
LSM4,SEC0007151_407,81.8,75.4,60.1,0.0,0.0,0.0,3,17%,52%,32%,0%,0%,0%,MCMC,2,ci_pwrOpt_Same,3
LSM4,SEC0007158_426,90.9,61.1,73.0,0.0,0.0,0.0,3,20%,55%,25%,0%,0%,0%,MCMC,1,ci_pwrOpt_Same,1
LSM4,SEC0007159_167,77.2,77.3,0.0,0.0,24.5,0.0,3,20%,49%,0%,0%,31%,0%,MCMC,1,ci_pwrOpt_Same,1
LSM4,SEC0007161_358,74.0,59.7,66.1,0.0,0.0,0.0,3,18%,46%,35%,0%,0%,0%,MCMC,2,ci_pwrOpt_Same,1
LSM4,SEC0007162_126,75.9,74.6,0.0,0.0,0.0,0.0,2,20%,80%,0%,0%,0%,0%,MCMC,1,ci_pwrOpt_Half,1
LSM4,SEC0007162_309,72.7,87.2,92.4,0.0,0.0,0.0,3,20%,45%,35%,0%,0%,0%,MCMC,2,ci_pwrOpt_Same,1
LSM4,SEC0007162_346,91.0,56.3,53.0,0.0,0.0,0.0,3,19%,52%,30%,0%,0%,0%,MCMC,1,ci_pwrOpt_Same,2
LSM4,SEC0007165_376,76.8,71.3,57.4,0.0,0.0,0.0,3,19%,50%,31%,0%,0%,0%,MCMC,2,ci_pwrOpt_Same,1
LSM4,SEC0007167_156,78.8,78.1,0.0,0.0,0.0,0.0,2,19%,81%,0%,0%,0%,0%,MCMC,2,ci_pwrOpt_Same,1
LSM4,SEC0007173_424,78.1,66.3,0.0,0.0,66.7,0.0,3,17%,44%,0%,0%,38%,0%,MCMC,1,ci_pwrOpt_Same,1
LSM4,SEC0007173_54,71.3,71.1,0.0,0.0,61.3,0.0,3,18%,56%,0%,0%,26%,0%,MCMC,1,ci_pwrOpt_Same,2
LSM4,SEC0007174_113,78.8,83.3,0.0,0.0,0.0,0.0,2,22%,78%,0%,0%,0%,0%,MCMC,1,ci_pwrOpt_Same,2
LSM4,SEC0007174_432,86.0,76.6,84.3,0.0,0.0,0.0,3,21%,43%,36%,0%,0%,0%,MCMC,1,ci_pwrOpt_Same,2
LSM4,SEC0007174_80,83.7,90.3,82.0,0.0,0.0,0.0,3,20%,51%,29%,0%,0%,0%,MCMC,1,ci_pwrOpt_Same,4
LSM4,SEC0007175_269,89.3,86.7,67.0,0.0,0.0,0.0,3,28%,46%,26%,0%,0%,0%,MCMC,1,ci_pwrOpt_Same,3
LSM4,SEC0007175_355,73.6,72.9,65.6,0.0,0.0,0.0,3,20%,48%,31%,0%,0%,0%,MCMC,3,ci_pwrOpt_Same,2
LSM4,SEC0007177_306,73.7,62.9,63.1,0.0,0.0,0.0,3,21%,46%,33%,0%,0%,0%,MCMC,1,ci_pwrOpt_Same,1
LSM4,SEC0007178_222,79.6,70.3,0.0,0.0,0.0,0.0,2,20%,80%,0%,0%,0%,0%,MCMC,1,ci_pwrOpt_Same,1
LSM4,SEC0007180_80,74.2,70.5,0.0,0.0,0.0,0.0,2,24%,76%,0%,0%,0%,0%,MCMC,2,ci_pwrOpt_Same,1
LSM4,SEC0007181_79,73.9,57.6,0.0,0.0,0.0,0.0,2,20%,80%,0%,0%,0%,0%,MCMC,1,ci_pwrOpt_Same,3
LSM4,SEC0007182_157,74.3,84.5,0.0,0.0,0.0,0.0,2,22%,78%,0%,0%,0%,0%,MCMC,1,ci_pwrOpt_Same,1
LSM4,SEC0007182_171,72.1,38.3,32.9,0.0,0.0,0.0,3,23%,47%,29%,0%,0%,0%,MCMC,1,ci_pwrOpt_Same,1
LSM4,SEC0007182_351,95.0,89.9,96.0,0.0,0.0,0.0,3,17%,37%,46%,0%,0%,0%,MCMC,1,ci_pwrOpt_Same,1
LSM4,SEC0007184_84,84.9,78.0,0.0,0.0,75.5,0.0,3,19%,52%,0%,0%,29%,0%,MCMC,2,ci_pwrOpt_Same,2
LSM4,SEC0007185_119,71.7,67.4,0.0,0.0,0.0,0.0,2,19%,81%,0%,0%,0%,0%,MCMC,1,ci_pwrOpt_Same,1
LSM4,SEC0007185_18,79.2,56.4,49.4,0.0,0.0,0.0,3,20%,49%,32%,0%,0%,0%,MCMC,1,ci_pwrOpt_Same,1
LSM4,SEC0007186_429,80.0,74.8,70.1,0.0,0.0,0.0,3,17%,48%,35%,0%,0%,0%,MCMC,2,ci_pwrOpt_Same,1
LSM4,SEC0007187_131,76.3,73.8,0.0,0.0,0.0,0.0,2,23%,77%,0%,0%,0%,0%,MCMC,2,ci_pwrOpt_Same,2
LSM4,SEC0007187_55,90.4,73.9,69.7,0.0,0.0,0.0,3,18%,50%,31%,0%,0%,0%,MCMC,2,ci_pwrOpt_Same,4
LSM4,SEC0007188_239,70.5,52.1,0.0,0.0,45.3,0.0,3,23%,47%,0%,0%,30%,0%,MCMC,2,ci_pwrOpt_Same,1
LSM4,SEC0007189_15,70.0,60.4,0.0,0.0,0.0,0.0,2,21%,79%,0%,0%,0%,0%,MCMC,1,ci_pwrOpt_Same,1
LSM4,SEC0007190_164,75.7,57.6,0.0,0.0,48.5,0.0,3,21%,46%,0%,0%,33%,0%,MCMC,3,ci_pwrOpt_Same,2
LSM4,SEC0007190_364,79.5,88.1,0.0,0.0,75.2,0.0,3,17%,46%,0%,0%,37%,0%,MCMC,2,ci_pwrOpt_Same,3
LSM4,SEC0007190_91,74.6,57.5,0.0,0.0,0.0,0.0,2,34%,66%,0%,0%,0%,0%,MCMC,1,ci_pwrOpt_Same,2
LSM4,SEC0007196_357,77.0,77.9,76.5,0.0,0.0,0.0,3,18%,55%,27%,0%,0%,0%,MCMC,1,ci_pwrOpt_Same,1
LSM4,SEC0007198_330,75.9,72.7,72.0,0.0,0.0,0.0,3,19%,50%,31%,0%,0%,0%,MCMC,2,ci_pwrOpt_Same,1
LSM4,SEC0007199_33,85.8,80.9,81.0,0.0,0.0,0.0,3,14%,55%,30%,0%,0%,0%,MCMC,1,ci_pwrOpt_Same,1
LSM4,SEC0007200_246,96.0,23.9,30.3,0.0,0.0,0.0,3,18%,45%,37%,0%,0%,0%,MCMC,1,ci_pwrOpt_Same,3
LSM4,SEC0007201_264,81.5,72.9,0.0,0.0,0.0,0.0,2,28%,72%,0%,0%,0%,0%,MCMC,2,ci_pwrOpt_Same,2
LSM4,SEC0007202_98,91.2,88.6,0.0,0.0,83.6,0.0,3,23%,45%,0%,0%,32%,0%,MCMC,2,ci_pwrOpt_Same,2
LSM4,SEC0007204_285,75.7,53.6,0.0,0.0,0.0,0.0,2,27%,73%,0%,0%,0%,0%,MCMC,2,ci_pwrOpt_Same,1
LSM4,SEC0007205_396,73.8,75.8,0.0,0.0,0.0,0.0,2,19%,81%,0%,0%,0%,0%,MCMC,2,ci_pwrOpt_Same,2
LSM4,SEC0007206_229,79.0,71.3,0.0,0.0,77.5,0.0,3,25%,47%,0%,0%,28%,0%,MCMC,1,ci_pwrOpt_Same,1
LSM4,SEC0007212_297,78.6,72.8,0.0,0.0,0.0,0.0,2,24%,76%,0%,0%,0%,0%,MCMC,1,ci_pwrOpt_Same,2
LSM10,SEC0007217_27,76.5,68.2,0.0,0.0,0.0,0.0,2,21%,79%,0%,0%,0%,0%,MCMC,1,ci_pwrOpt_Half,1
LSM10,SEC0007218_119,73.9,48.1,0.0,0.0,0.0,0.0,2,34%,66%,0%,0%,0%,0%,MCMC,2,ci_pwrOpt_Same,1
LSM10,SEC0007221_316,78.8,83.5,0.0,0.0,0.0,0.0,2,22%,78%,0%,0%,0%,0%,MCMC,1,ci_pwrOpt_Same,2
LSM10,SEC0007221_403,85.0,86.8,0.0,0.0,0.0,0.0,2,27%,73%,0%,0%,0%,0%,MCMC,1,ci_pwrOpt_Half,1
LSM10,SEC0007221_408,96.2,90.8,0.0,0.0,0.0,0.0,2,45%,55%,0%,0%,0%,0%,MCMC,1,ci_pwrOpt_Same,11
LSM10,SEC0007221_445,87.8,71.5,0.0,0.0,0.0,0.0,2,15%,85%,0%,0%,0%,0%,MCMC,1,ci_pwrOpt_Same,2
LSM10,SEC0007222_303,76.9,63.0,0.0,0.0,0.0,76.6,3,21%,46%,0%,0%,0%,33%,MCMC,3,ci_pwrOpt_Same,2
LSM10,SEC0007224_158,75.8,0.0,0.0,0.0,0.0,0.0,1,100%,0%,0%,0%,0%,0%,MCMC,1,ci_pwrOpt_Half,2
LSM10,SEC0007224_243,95.8,72.7,56.9,0.0,0.0,0.0,3,37%,39%,24%,0%,0%,0%,MCMC,2,ci_pwrOpt_Half,4
LSM10,SEC0007224_43,89.0,0.0,0.0,0.0,0.0,0.0,1,100%,0%,0%,0%,0%,0%,MCMC,1,ci_pwrOpt_Same,2
LSM10,SEC0007225_68,97.9,98.2,0.0,0.0,0.0,0.0,2,20%,80%,0%,0%,0%,0%,MCMC,1,ci_pwrOpt_Same,14
LSM6,SEC0007228_60,75.5,62.3,0.0,0.0,0.0,0.0,2,41%,59%,0%,0%,0%,0%,MCMC,1,ci_pwrOpt_OneHalf,1
LSM6,SEC0007230_2,71.4,36.5,0.0,0.0,0.0,0.0,2,24%,76%,0%,0%,0%,0%,MCMC,1,ci_pwrOpt_Same,1
LSM6,SEC0007231_332,70.2,70.1,75.1,0.0,0.0,0.0,3,25%,49%,26%,0%,0%,0%,MCMC,2,ci_pwrOpt_Same,1
LSM6,SEC0007231_4,74.6,64.9,0.0,0.0,0.0,0.0,2,21%,79%,0%,0%,0%,0%,MCMC,2,ci_pwrOpt_OneHalf,1
LSM6,SEC0007231_74,74.2,57.4,0.0,0.0,0.0,0.0,2,54%,46%,0%,0%,0%,0%,MCMC,2,ci_pwrOpt_OneHalf,1
LSM6,SEC0007232_337,71.9,62.6,0.0,0.0,0.0,0.0,2,39%,61%,0%,0%,0%,0%,MCMC,2,ci_pwrOpt_Same,1
LSM6,SEC0007238_120,79.7,41.1,0.0,0.0,0.0,0.0,2,18%,82%,0%,0%,0%,0%,MCMC,2,ci_pwrOpt_Half,1
LSM6,SEC0007238_401,75.4,30.4,0.0,0.0,0.0,0.0,2,22%,78%,0%,0%,0%,0%,MCMC,1,ci_pwrOpt_OneHalf,1
LSM6,SEC0007238_442,72.6,45.3,0.0,0.0,0.0,0.0,2,17%,83%,0%,0%,0%,0%,MCMC,1,ci_pwrOpt_Same,1
LSM6,SEC0007239_348,75.9,73.5,88.5,0.0,0.0,0.0,3,21%,50%,30%,0%,0%,0%,MCMC,1,ci_pwrOpt_Half,1
LSM6,SEC0007239_361,70.3,68.0,53.6,0.0,0.0,0.0,3,17%,50%,33%,0%,0%,0%,MCMC,2,ci_pwrOpt_Half,1
LSM6,SEC0007240_45,74.7,78.3,85.4,0.0,0.0,0.0,3,21%,52%,27%,0%,0%,0%,MCMC,1,ci_pwrOpt_Same,1
LSM6,SEC0007241_267,83.9,73.4,70.5,0.0,0.0,0.0,3,16%,51%,33%,0%,0%,0%,MCMC,3,ci_pwrOpt_Half,3
LSM6,SEC0007241_80,78.3,36.9,0.0,0.0,0.0,0.0,2,22%,78%,0%,0%,0%,0%,MCMC,1,ci_pwrOpt_Same,2
LSM6,SEC0007246_178,79.8,74.5,0.0,0.0,73.8,0.0,3,21%,49%,0%,0%,29%,0%,MCMC,2,ci_pwrOpt_Half,4
LSM6,SEC0007250_133,82.2,0.0,0.0,0.0,0.0,0.0,1,100%,0%,0%,0%,0%,0%,MCMC,1,ci_pwrOpt_Half,2
LSM6,SEC0007250_14,70.5,67.9,0.0,0.0,0.0,0.0,2,18%,82%,0%,0%,0%,0%,MCMC,2,ci_pwrOpt_Same,1
LSM6,SEC0007250_281,98.8,98.1,98.3,0.0,0.0,0.0,3,18%,49%,33%,0%,0%,0%,MCMC,2,ci_pwrOpt_Same,14
LSM6,SEC0007250_355,78.7,84.6,85.8,0.0,0.0,0.0,3,20%,44%,36%,0%,0%,0%,MCMC,2,ci_pwrOpt_Half,2
LSM6,SEC0007250_448,76.2,81.7,0.0,0.0,0.0,0.0,2,21%,79%,0%,0%,0%,0%,MCMC,2,ci_pwrOpt_Half,1
LSM5,SEC0007253_134,72.3,86.3,61.8,0.0,0.0,0.0,3,14%,56%,31%,0%,0%,0%,MCMC,3,ci_pwrOpt_Half,1
LSM5,SEC0007260_258,86.7,73.6,0.0,0.0,0.0,0.0,2,19%,81%,0%,0%,0%,0%,MCMC,2,ci_pwrOpt_Same,3
LSM1,SEC0007263_293,86.9,85.2,0.0,0.0,0.0,0.0,2,19%,81%,0%,0%,0%,0%,MCMC,3,ci_pwrOpt_Same,3
LSM1,SEC0007265_381,96.3,58.3,0.0,0.0,0.0,0.0,2,18%,82%,0%,0%,0%,0%,MCMC,1,ci_pwrOpt_Same,1
LSM1,SEC0007271_410,83.5,59.6,62.6,0.0,0.0,0.0,3,19%,48%,33%,0%,0%,0%,MCMC,3,ci_pwrOpt_Same,1
LSM1,SEC0007271_437,71.2,72.1,0.0,0.0,0.0,0.0,2,21%,79%,0%,0%,0%,0%,MCMC,1,ci_pwrOpt_Same,1
LSM1,SEC0007272_8,88.4,86.1,0.0,0.0,0.0,0.0,2,21%,79%,0%,0%,0%,0%,MCMC,3,ci_pwrOpt_Same,3
LSM1,SEC0007274_364,72.5,70.0,0.0,0.0,0.0,0.0,2,22%,78%,0%,0%,0%,0%,MCMC,2,ci_pwrOpt_Same,1
LSM10,SEC0007277_428,74.3,38.7,0.0,0.0,0.0,0.0,2,20%,80%,0%,0%,0%,0%,MCMC,1,ci_pwrOpt_Same,1
LSM10,SEC0007277_81,92.9,95.7,0.0,0.0,0.0,0.0,2,25%,75%,0%,0%,0%,0%,MCMC,2,ci_pwrOpt_Half,4
LSM10,SEC0007278_115,96.7,66.0,0.0,0.0,0.0,0.0,2,24%,76%,0%,0%,0%,0%,MCMC,2,ci_pwrOpt_Same,11
LSM10,SEC0007278_332,72.7,53.3,0.0,0.0,0.0,0.0,2,19%,81%,0%,0%,0%,0%,MCMC,1,ci_pwrOpt_Same,1
LSM4,SEC0007281_12,71.7,74.3,0.0,0.0,39.2,0.0,3,23%,62%,0%,0%,16%,0%,MCMC,2,ci_pwrOpt_Half,1
LSM4,SEC0007281_37,79.1,75.2,0.0,0.0,52.2,0.0,3,26%,59%,0%,0%,15%,0%,MCMC,2,ci_pwrOpt_Same,3
LSM1,SEC0007282_340,75.9,87.4,0.0,0.0,0.0,0.0,2,19%,81%,0%,0%,0%,0%,MCMC,1,ci_pwrOpt_Same,3
LSM9,SEC0007283_402,88.7,88.6,90.8,0.0,0.0,0.0,3,20%,53%,27%,0%,0%,0%,MCMC,1,ci_pwrOpt_Same,2
LSM3,SEC0007284_140,92.2,77.2,0.0,0.0,0.0,0.0,2,25%,75%,0%,0%,0%,0%,MCMC,1,ci_pwrOpt_Same,2
LSM5,SEC0007309_88,92.0,83.5,84.5,0.0,0.0,0.0,3,32%,42%,26%,0%,0%,0%,MCMC,3,ci_pwrOpt_Same,13
LSM5,SEC0007312_112,90.8,63.4,0.0,0.0,0.0,0.0,2,42%,58%,0%,0%,0%,0%,MCMC,2,ci_pwrOpt_Same,3
LSM5,SEC0007314_263,88.1,90.9,0.0,0.0,0.0,0.0,2,17%,83%,0%,0%,0%,0%,MCMC,1,ci_pwrOpt_Same,4
LSM5,SEC0007315_154,78.0,81.8,0.0,0.0,0.0,0.0,2,24%,76%,0%,0%,0%,0%,MCMC,1,ci_pwrOpt_Half,5
LSM5,SEC0007317_172,87.1,86.9,0.0,0.0,0.0,0.0,2,18%,82%,0%,0%,0%,0%,MCMC,2,ci_pwrOpt_Same,3
LSM5,SEC0007317_364,88.8,64.7,0.0,0.0,0.0,51.9,3,33%,49%,0%,0%,0%,18%,MCMC,2,ci_pwrOpt_Same,4
LSM5,SEC0007318_394,75.6,63.5,0.0,0.0,0.0,0.0,2,35%,65%,0%,0%,0%,0%,MCMC,2,ci_pwrOpt_Same,1
LSM5,SEC0007321_188,73.9,83.1,0.0,0.0,0.0,72.7,3,22%,51%,0%,0%,0%,27%,MCMC,1,ci_pwrOpt_Same,2
LSM9,SEC0007324_342,81.8,82.2,0.0,0.0,58.0,0.0,3,27%,66%,0%,0%,7%,0%,MCCC,6,ci_pwrOpt_Same,2
LSM9,SEC0007331_360,94.6,94.4,0.0,0.0,0.0,0.0,2,22%,78%,0%,0%,0%,0%,MCMC,1,ci_pwrOpt_Same,7
LSM9,SEC0007332_157,79.8,46.8,0.0,0.0,0.0,0.0,2,54%,46%,0%,0%,0%,0%,MCMC,1,ci_pwrOpt_Same,2
LSM9,SEC0007334_199,87.5,65.8,51.1,0.0,0.0,0.0,3,24%,45%,31%,0%,0%,0%,MCMC,3,ci_pwrOpt_Same,3
LSM9,SEC0007335_25,71.2,48.5,53.0,0.0,0.0,0.0,3,20%,42%,38%,0%,0%,0%,MCMC,4,ci_pwrOpt_Same,1
LSM9,SEC0007337_373,74.7,73.1,0.0,0.0,0.0,0.0,2,20%,80%,0%,0%,0%,0%,MCMC,2,ci_pwrOpt_Same,1
LSM9,SEC0007340_100,80.6,49.4,0.0,0.0,0.0,0.0,2,27%,73%,0%,0%,0%,0%,MCMC,2,ci_pwrOpt_Same,1
LSM9,SEC0007342_145,70.2,65.0,69.9,0.0,0.0,0.0,3,20%,48%,32%,0%,0%,0%,MCMC,2,ci_pwrOpt_Same,1
LSM9,SEC0007342_229,89.1,80.3,88.6,0.0,0.0,0.0,3,20%,49%,31%,0%,0%,0%,MCMC,2,ci_pwrOpt_Same,3
LSM9,SEC0007343_201,78.5,73.5,77.4,0.0,0.0,0.0,3,19%,47%,33%,0%,0%,0%,MCMC,2,ci_pwrOpt_Same,1
LSM9,SEC0007343_88,72.4,78.1,0.0,0.0,0.0,0.0,2,18%,82%,0%,0%,0%,0%,MCMC,2,ci_pwrOpt_Same,1
LSM9,SEC0007344_177,89.7,50.8,0.0,0.0,0.0,0.0,2,18%,82%,0%,0%,0%,0%,MCMC,2,ci_pwrOpt_Same,1
LSM9,SEC0007344_184,82.6,33.2,0.0,0.0,0.0,0.0,2,25%,75%,0%,0%,0%,0%,MCMC,1,ci_pwrOpt_OneHalf,1
LSM9,SEC0007345_49,76.0,55.0,0.0,0.0,0.0,0.0,2,23%,77%,0%,0%,0%,0%,MCMC,2,ci_pwrOpt_Same,1
LSM9,SEC0007346_183,84.4,78.0,0.0,0.0,69.5,0.0,3,24%,62%,0%,0%,14%,0%,MCMC,2,ci_pwrOpt_Same,2
LSM9,SEC0007347_240,76.0,85.8,0.0,0.0,59.8,0.0,3,27%,57%,0%,0%,17%,0%,MCMC,3,ci_pwrOpt_Same,1
LSM9,SEC0007348_213,90.6,53.5,0.0,0.0,0.0,0.0,2,22%,78%,0%,0%,0%,0%,MCMC,2,ci_pwrOpt_Same,2
LSM9,SEC0007349_374,77.0,73.0,0.0,0.0,70.4,0.0,3,19%,45%,0%,0%,36%,0%,MCMC,2,ci_pwrOpt_Same,2
LSM9,SEC0007349_45,70.8,59.3,0.0,0.0,54.6,0.0,3,21%,47%,0%,0%,32%,0%,MCMC,1,ci_pwrOpt_Same,1
LSM9,SEC0007350_150,83.9,42.8,0.0,0.0,53.7,0.0,3,20%,47%,0%,0%,33%,0%,MCMC,2,ci_pwrOpt_Same,1
LSM9,SEC0007350_434,96.3,78.6,0.0,0.0,0.0,0.0,2,19%,81%,0%,0%,0%,0%,MCMC,3,ci_pwrOpt_Same,5
LSM9,SEC0007351_307,79.7,53.6,0.0,0.0,0.0,0.0,2,23%,77%,0%,0%,0%,0%,MCMC,2,ci_pwrOpt_Same,2
LSM9,SEC0007352_280,82.5,77.0,78.9,0.0,0.0,0.0,3,20%,48%,32%,0%,0%,0%,MCMC,1,ci_pwrOpt_Same,2
LSM9,SEC0007353_56,75.3,67.4,55.9,0.0,0.0,0.0,3,20%,52%,28%,0%,0%,0%,MCMC,1,ci_pwrOpt_Same,2
LSM9,SEC0007355_299,76.8,62.2,0.0,0.0,0.0,0.0,2,31%,69%,0%,0%,0%,0%,MCMC,2,ci_pwrOpt_Same,1
LSM9,SEC0007357_53,71.6,78.4,0.0,0.0,68.8,0.0,3,21%,51%,0%,0%,28%,0%,MCMC,2,ci_pwrOpt_Same,1
LSM9,SEC0007359_262,90.2,93.0,0.0,0.0,0.0,0.0,2,14%,86%,0%,0%,0%,0%,MCMC,1,ci_pwrOpt_Same,1
LSM9,SEC0007361_36,72.9,73.3,0.0,0.0,52.9,0.0,3,18%,50%,0%,0%,32%,0%,MCMC,2,ci_pwrOpt_Same,1
LSM9,SEC0007364_160,74.1,66.8,58.1,0.0,0.0,0.0,3,22%,46%,33%,0%,0%,0%,MCMC,2,ci_pwrOpt_Same,2
LSM9,SEC0007368_227,81.9,81.7,0.0,0.0,68.5,0.0,3,21%,56%,0%,0%,22%,0%,MCMC,2,ci_pwrOpt_Same,4
LSM9,SEC0007373_485,72.1,54.5,59.2,0.0,0.0,0.0,3,37%,41%,23%,0%,0%,0%,MCMC,1,ci_pwrOpt_Same,1
LSM9,SEC0007380_110,84.8,68.2,0.0,0.0,69.8,0.0,3,21%,44%,0%,0%,35%,0%,MCMC,1,ci_pwrOpt_Same,1
LSM9,SEC0007386_157,71.3,64.8,77.5,0.0,0.0,0.0,3,19%,50%,31%,0%,0%,0%,MCMC,1,ci_pwrOpt_Same,1
LSM9,SEC0007386_287,78.2,53.4,56.2,0.0,0.0,0.0,3,25%,44%,31%,0%,0%,0%,MCMC,1,ci_pwrOpt_Same,1
LSM9,SEC0007389_272,71.7,84.9,0.0,0.0,0.0,0.0,2,22%,78%,0%,0%,0%,0%,MCMC,2,ci_pwrOpt_Same,1
LSM5,SEC0007395_445,79.5,55.0,0.0,0.0,0.0,0.0,2,34%,66%,0%,0%,0%,0%,MCMC,3,ci_pwrOpt_Same,1
LSM5,SEC0007397_429,78.1,88.9,72.1,0.0,0.0,0.0,3,18%,54%,28%,0%,0%,0%,MCMC,1,ci_pwrOpt_Same,6
LSM5,SEC0007398_367,70.7,48.7,66.4,0.0,0.0,0.0,3,15%,19%,66%,0%,0%,0%,MCMC,2,ci_pwrOpt_Same,1
LSM5,SEC0007398_56,70.2,59.8,0.0,0.0,0.0,0.0,2,25%,75%,0%,0%,0%,0%,MCMC,2,ci_pwrOpt_Same,1
LSM5,SEC0007402_257,97.6,57.9,0.0,0.0,0.0,0.0,2,29%,71%,0%,0%,0%,0%,MCMC,1,ci_pwrOpt_Same,6
LSM5,SEC0007404_119,75.5,68.4,0.0,0.0,0.0,0.0,2,21%,79%,0%,0%,0%,0%,MCMC,1,ci_pwrOpt_Same,1
LSM5,SEC0007404_435,83.3,37.2,0.0,0.0,0.0,0.0,2,28%,72%,0%,0%,0%,0%,MCMC,2,ci_pwrOpt_Same,1
LSM5,SEC0007404_98,76.8,85.6,70.4,0.0,0.0,0.0,3,23%,51%,26%,0%,0%,0%,MCMC,2,ci_pwrOpt_Same,2
LSM5,SEC0007406_234,84.0,70.2,0.0,0.0,0.0,0.0,2,28%,72%,0%,0%,0%,0%,MCMC,1,ci_pwrOpt_Same,5
LSM5,SEC0007406_416,98.7,94.0,0.0,0.0,0.0,0.0,2,34%,66%,0%,0%,0%,0%,MCMC,1,ci_pwrOpt_Same,13
LSM5,SEC0007406_419,75.2,75.4,0.0,0.0,0.0,0.0,2,21%,79%,0%,0%,0%,0%,MCMC,1,ci_pwrOpt_Same,3
LSM5,SEC0007406_448,77.5,42.3,0.0,0.0,0.0,0.0,2,35%,65%,0%,0%,0%,0%,MCMC,1,ci_pwrOpt_Same,1
LSM5,SEC0007407_11,72.3,66.3,56.2,0.0,0.0,0.0,3,20%,46%,33%,0%,0%,0%,MCMC,2,ci_pwrOpt_Same,1
LSM5,SEC0007410_122,85.1,83.1,0.0,0.0,0.0,0.0,2,32%,68%,0%,0%,0%,0%,MCMC,1,ci_pwrOpt_Same,2
LSM5,SEC0007412_175,74.2,75.4,0.0,0.0,0.0,0.0,2,29%,71%,0%,0%,0%,0%,MCMC,1,ci_pwrOpt_Same,1
LSM5,SEC0007419_31,77.0,47.3,0.0,0.0,62.7,0.0,3,53%,22%,0%,0%,26%,0%,MCMC,2,ci_pwrOpt_Same,2
LSM5,SEC0007420_249,71.0,66.3,0.0,0.0,48.3,0.0,3,21%,47%,0%,0%,32%,0%,MCMC,3,ci_pwrOpt_Half,1
LSM5,SEC0007424_38,74.9,67.8,0.0,0.0,0.0,0.0,2,25%,75%,0%,0%,0%,0%,MCMC,2,ci_pwrOpt_Same,3
LSM5,SEC0007426_185,76.4,46.8,0.0,0.0,0.0,0.0,2,17%,83%,0%,0%,0%,0%,MCMC,3,ci_pwrOpt_Same,2
LSM5,SEC0007428_75,75.3,67.8,59.8,0.0,0.0,0.0,3,19%,51%,30%,0%,0%,0%,MCMC,2,ci_pwrOpt_Same,1
LSM5,SEC0007431_48,70.8,65.4,59.4,0.0,0.0,0.0,3,19%,47%,34%,0%,0%,0%,MCMC,2,ci_pwrOpt_Same,1
LSM5,SEC0007432_311,70.8,82.6,59.3,0.0,0.0,0.0,3,19%,50%,31%,0%,0%,0%,MCMC,2,ci_pwrOpt_Half,1
LSM5,SEC0007432_389,71.2,64.8,65.3,0.0,0.0,0.0,3,27%,36%,37%,0%,0%,0%,MCMC,2,ci_pwrOpt_Same,2
LSM5,SEC0007433_364,74.5,65.6,61.3,0.0,0.0,0.0,3,20%,51%,29%,0%,0%,0%,MCMC,1,ci_pwrOpt_Same,1
LSM5,SEC0007438_191,84.4,70.8,0.0,0.0,59.8,0.0,3,22%,46%,0%,0%,32%,0%,MCMC,2,ci_pwrOpt_Same,4
LSM6,SEC0007445_101,80.5,53.5,0.0,0.0,0.0,0.0,2,39%,61%,0%,0%,0%,0%,MCMC,1,ci_pwrOpt_Same,2
LSM6,SEC0007448_294,99.7,43.0,28.7,0.0,0.0,0.0,3,18%,48%,34%,0%,0%,0%,MCMC,2,ci_pwrOpt_OneHalf,15
LSM6,SEC0007449_271,93.5,74.4,0.0,0.0,0.0,0.0,2,44%,56%,0%,0%,0%,0%,MCMC,1,ci_pwrOpt_Half,15
LSM10,SEC0007453_86,80.5,0.0,0.0,0.0,0.0,0.0,1,100%,0%,0%,0%,0%,0%,MCMC,1,ci_pwrOpt_Half,2
LSM10,SEC0007458_391,73.3,37.1,53.9,0.0,0.0,0.0,3,60%,20%,21%,0%,0%,0%,MCMC,1,ci_pwrOpt_OneHalf,1
LSM10,SEC0007459_67,79.6,73.7,0.0,0.0,0.0,0.0,2,12%,88%,0%,0%,0%,0%,MCMC,1,ci_pwrOpt_Half,2
LSM1,SEC0007460_16,71.6,57.0,0.0,0.0,53.8,0.0,3,36%,45%,0%,0%,19%,0%,MCMC,1,ci_pwrOpt_Same,1
LSM1,SEC0007462_257,82.9,81.3,45.7,0.0,0.0,0.0,3,17%,64%,19%,0%,0%,0%,MCMC,1,ci_pwrOpt_Same,3
LSM1,SEC0007464_101,81.4,71.1,0.0,0.0,0.0,0.0,2,32%,68%,0%,0%,0%,0%,MCMC,2,ci_pwrOpt_Same,3
LSM3,SEC0007466_304,71.8,52.3,62.0,0.0,0.0,0.0,3,20%,46%,33%,0%,0%,0%,MCMC,1,ci_pwrOpt_Same,1
LSM3,SEC0007467_108,82.2,61.0,64.7,0.0,0.0,0.0,3,18%,42%,40%,0%,0%,0%,MCMC,1,ci_pwrOpt_Same,3
LSM3,SEC0007467_88,91.5,68.5,60.1,0.0,0.0,0.0,3,20%,45%,35%,0%,0%,0%,MCMC,2,ci_pwrOpt_Same,2
LSM3,SEC0007468_43,73.5,46.7,0.0,0.0,0.0,0.0,2,25%,75%,0%,0%,0%,0%,MCMC,2,ci_pwrOpt_Same,1
LSM3,SEC0007469_430,74.3,43.6,0.0,0.0,0.0,0.0,2,33%,67%,0%,0%,0%,0%,MCMC,2,ci_pwrOpt_Same,2
LSM3,SEC0007472_433,76.7,74.3,68.3,0.0,0.0,0.0,3,21%,46%,33%,0%,0%,0%,MCMC,2,ci_pwrOpt_Same,2
LSM3,SEC0007476_129,75.5,64.4,74.2,0.0,0.0,0.0,3,19%,42%,38%,0%,0%,0%,MCMC,1,ci_pwrOpt_Same,1
LSM3,SEC0007476_289,80.1,64.7,63.4,0.0,0.0,0.0,3,19%,52%,30%,0%,0%,0%,MCMC,2,ci_pwrOpt_Same,1
LSM3,SEC0007477_141,85.2,68.4,0.0,0.0,72.1,0.0,3,21%,44%,0%,0%,35%,0%,MCMC,3,ci_pwrOpt_Same,3
LSM3,SEC0007477_342,81.4,62.4,0.0,0.0,59.4,0.0,3,25%,54%,0%,0%,22%,0%,MCMC,2,ci_pwrOpt_Same,3
LSM3,SEC0007479_210,85.5,78.4,94.8,0.0,0.0,0.0,3,19%,44%,36%,0%,0%,0%,MCMC,2,ci_pwrOpt_Same,8
LSM3,SEC0007480_146,70.1,78.1,74.3,0.0,0.0,0.0,3,18%,50%,32%,0%,0%,0%,MCMC,2,ci_pwrOpt_Same,1
LSM3,SEC0007481_247,73.4,59.0,0.0,0.0,53.1,0.0,3,20%,45%,0%,0%,36%,0%,MCMC,2,ci_pwrOpt_Same,1
LSM3,SEC0007481_388,71.3,60.7,0.0,0.0,58.1,0.0,3,26%,45%,0%,0%,29%,0%,MCMC,1,ci_pwrOpt_Same,1
LSM3,SEC0007483_46,93.4,96.7,0.0,0.0,0.0,0.0,2,31%,69%,0%,0%,0%,0%,MCMC,2,ci_pwrOpt_Same,5
LSM3,SEC0007484_295,76.7,50.7,0.0,0.0,0.0,0.0,2,29%,71%,0%,0%,0%,0%,MCMC,2,ci_pwrOpt_Same,1
LSM3,SEC0007485_285,80.5,55.7,0.0,0.0,34.3,0.0,3,36%,46%,0%,0%,17%,0%,MCMC,2,ci_pwrOpt_Same,5
LSM3,SEC0007486_187,79.0,69.8,80.8,0.0,0.0,0.0,3,20%,43%,37%,0%,0%,0%,MCMC,2,ci_pwrOpt_Same,1
LSM3,SEC0007487_439,82.4,84.9,0.0,0.0,0.0,0.0,2,23%,77%,0%,0%,0%,0%,MCMC,2,ci_pwrOpt_Same,1
LSM3,SEC0007489_191,94.8,46.4,39.0,0.0,0.0,0.0,3,19%,53%,29%,0%,0%,0%,MCMC,2,ci_pwrOpt_Same,2
LSM3,SEC0007491_276,86.0,82.1,0.0,0.0,51.8,0.0,3,16%,57%,0%,0%,26%,0%,MCMC,1,ci_pwrOpt_Half,2
LSM3,SEC0007491_410,71.8,53.3,0.0,0.0,60.1,0.0,3,24%,51%,0%,0%,25%,0%,MCMC,1,ci_pwrOpt_Same,1
LSM3,SEC0007491_429,73.5,63.1,0.0,0.0,49.0,0.0,3,22%,49%,0%,0%,29%,0%,MCMC,1,ci_pwrOpt_Same,1
LSM3,SEC0007493_138,71.7,61.4,0.0,0.0,47.2,0.0,3,20%,51%,0%,0%,29%,0%,MCMC,2,ci_pwrOpt_Same,1
LSM3,SEC0007493_420,87.0,43.1,0.0,0.0,26.6,0.0,3,17%,57%,0%,0%,26%,0%,MCMC,1,ci_pwrOpt_Same,2
LSM3,SEC0007493_448,71.2,60.4,0.0,0.0,57.1,0.0,3,20%,48%,0%,0%,32%,0%,MCMC,2,ci_pwrOpt_Same,2
LSM1,SEC0007494_94,86.4,86.1,73.4,0.0,0.0,0.0,3,16%,49%,35%,0%,0%,0%,MCMC,2,ci_pwrOpt_Same,3
LSM3,SEC0007496_187,81.6,62.9,0.0,0.0,0.0,0.0,2,18%,82%,0%,0%,0%,0%,MCMC,2,ci_pwrOpt_Same,3
LSM3,SEC0007496_196,85.4,74.0,82.9,0.0,0.0,0.0,3,17%,49%,34%,0%,0%,0%,MCMC,1,ci_pwrOpt_Same,3
LSM3,SEC0007496_326,73.1,60.3,51.2,0.0,0.0,0.0,3,15%,51%,34%,0%,0%,0%,MCMC,1,ci_pwrOpt_Same,1
LSM3,SEC0007497_2,94.7,94.6,70.1,0.0,0.0,0.0,3,19%,43%,38%,0%,0%,0%,MCMC,1,ci_pwrOpt_Same,15
LSM3,SEC0007497_350,84.0,61.9,85.2,0.0,0.0,0.0,3,18%,44%,38%,0%,0%,0%,MCMC,2,ci_pwrOpt_Same,1
LSM1,SEC0007498_306,82.3,81.0,0.0,0.0,0.0,0.0,2,27%,73%,0%,0%,0%,0%,MCMC,2,ci_pwrOpt_Same,3
LSM1,SEC0007498_379,87.5,62.2,76.4,0.0,0.0,0.0,3,18%,36%,46%,0%,0%,0%,MCMC,2,ci_pwrOpt_Same,3
LSM1,SEC0007499_241,73.6,37.7,0.0,0.0,0.0,0.0,2,40%,60%,0%,0%,0%,0%,MCMC,1,ci_pwrOpt_Same,1
LSM3,SEC0007502_221,75.9,79.5,0.0,0.0,65.5,0.0,3,24%,48%,0%,0%,28%,0%,MCMC,1,ci_pwrOpt_Same,3
LSM3,SEC0007502_224,97.2,81.7,0.0,0.0,85.8,0.0,3,23%,46%,0%,0%,31%,0%,MCMC,1,ci_pwrOpt_Same,2
LSM3,SEC0007503_338,70.4,64.6,0.0,0.0,35.1,0.0,3,26%,56%,0%,0%,18%,0%,MCMC,2,ci_pwrOpt_Same,1
LSM3,SEC0007504_159,74.7,70.8,74.6,0.0,0.0,0.0,3,15%,32%,53%,0%,0%,0%,MCMC,1,ci_pwrOpt_Same,1
LSM3,SEC0007504_280,99.1,92.9,91.3,0.0,0.0,0.0,3,13%,55%,32%,0%,0%,0%,MCMC,1,ci_pwrOpt_Same,4
LSM3,SEC0007504_446,75.1,66.8,74.7,0.0,0.0,0.0,3,16%,54%,30%,0%,0%,0%,MCMC,1,ci_pwrOpt_Same,3
LSM3,SEC0007505_166,85.6,82.8,64.7,0.0,0.0,0.0,3,18%,53%,29%,0%,0%,0%,MCMC,2,ci_pwrOpt_Same,13
LSM3,SEC0007506_421,82.2,78.9,70.4,0.0,0.0,0.0,3,18%,56%,25%,0%,0%,0%,MCMC,1,ci_pwrOpt_Same,5
LSM3,SEC0007510_438,70.3,68.6,0.0,0.0,34.8,0.0,3,28%,57%,0%,0%,15%,0%,MCMC,2,ci_pwrOpt_Same,1
LSM3,SEC0007511_332,75.6,77.2,0.0,0.0,65.1,0.0,3,18%,49%,0%,0%,33%,0%,MCMC,2,ci_pwrOpt_Same,1
LSM3,SEC0007512_173,77.3,80.2,0.0,0.0,0.0,0.0,2,25%,75%,0%,0%,0%,0%,MCMC,2,ci_pwrOpt_Same,2
LSM3,SEC0007514_266,76.5,83.4,79.1,0.0,0.0,0.0,3,23%,48%,29%,0%,0%,0%,MCMC,1,ci_pwrOpt_Same,1
LSM2,SEC0007518_256,82.5,58.9,47.1,0.0,0.0,0.0,3,16%,50%,33%,0%,0%,0%,MCMC,2,ci_pwrOpt_Same,3
LSM2,SEC0007523_388,76.2,75.3,85.4,0.0,0.0,0.0,3,15%,51%,35%,0%,0%,0%,MCMC,1,ci_pwrOpt_Same,1
LSM2,SEC0007543_321,82.5,73.1,37.9,0.0,0.0,0.0,3,21%,44%,35%,0%,0%,0%,MCMC,2,ci_pwrOpt_Same,1
LSM2,SEC0007544_20,71.8,67.1,88.3,0.0,0.0,0.0,3,15%,47%,38%,0%,0%,0%,MCMC,1,ci_pwrOpt_Same,1
LSM2,SEC0007556_43,73.2,0.0,0.0,0.0,0.0,0.0,1,100%,0%,0%,0%,0%,0%,MCMC,1,ci_pwrOpt_Same,1
LSM2,SEC0007561_345,73.3,53.7,0.0,0.0,0.0,0.0,2,26%,74%,0%,0%,0%,0%,MCMC,3,ci_pwrOpt_Same,1
LSM2,SEC0007563_87,71.1,54.8,0.0,0.0,51.1,0.0,3,23%,49%,0%,0%,27%,0%,MCMC,2,ci_pwrOpt_Same,1
LSM3,SEC0007567_171,96.3,50.1,0.0,0.0,0.0,0.0,2,27%,73%,0%,0%,0%,0%,MCMC,2,ci_pwrOpt_Same,2
LSM3,SEC0007567_280,72.3,44.4,44.2,0.0,0.0,0.0,3,17%,55%,28%,0%,0%,0%,MCMC,2,ci_pwrOpt_Same,1
LSM3,SEC0007568_302,80.8,46.7,66.8,0.0,0.0,0.0,3,20%,46%,34%,0%,0%,0%,MCMC,1,ci_pwrOpt_Same,1
LSM3,SEC0007570_131,90.8,89.2,0.0,0.0,0.0,0.0,2,36%,64%,0%,0%,0%,0%,MCMC,1,ci_pwrOpt_Same,1
LSM3,SEC0007572_52,93.3,95.0,0.0,0.0,0.0,0.0,2,23%,77%,0%,0%,0%,0%,MCMC,2,ci_pwrOpt_Same,1
LSM3,SEC0007581_430,84.4,41.1,0.0,0.0,0.0,0.0,2,28%,72%,0%,0%,0%,0%,MCMC,2,ci_pwrOpt_Same,2
LSM3,SEC0007582_104,74.6,56.7,34.1,0.0,0.0,0.0,3,25%,48%,28%,0%,0%,0%,MCMC,2,ci_pwrOpt_Same,1
LSM3,SEC0007582_396,70.1,72.5,77.7,0.0,0.0,0.0,3,19%,50%,31%,0%,0%,0%,MCMC,2,ci_pwrOpt_Same,1
LSM3,SEC0007584_88,97.3,71.5,0.0,0.0,0.0,0.0,2,22%,78%,0%,0%,0%,0%,MCMC,1,ci_pwrOpt_Same,2
LSM3,SEC0007588_169,82.0,55.3,54.2,0.0,0.0,0.0,3,18%,47%,35%,0%,0%,0%,MCMC,2,ci_pwrOpt_Same,3
LSM3,SEC0007593_344,84.8,59.6,0.0,0.0,0.0,0.0,2,28%,72%,0%,0%,0%,0%,MCMC,2,ci_pwrOpt_Same,2
LSM3,SEC0007593_51,90.4,64.5,0.0,0.0,0.0,0.0,2,19%,81%,0%,0%,0%,0%,MCMC,2,ci_pwrOpt_Same,3
LSM3,SEC0007594_237,87.6,66.8,67.6,0.0,0.0,0.0,3,22%,50%,27%,0%,0%,0%,MCMC,1,ci_pwrOpt_Same,1
LSM3,SEC0007594_371,72.2,44.7,64.3,0.0,0.0,0.0,3,20%,48%,32%,0%,0%,0%,MCMC,1,ci_pwrOpt_OneHalf,1
LSM10,SEC0009175_91,82.2,0.0,0.0,0.0,0.0,0.0,1,100%,0%,0%,0%,0%,0%,MCMC,2,ci_pwrOpt_Same,3
LSM10,SEC0009177_34,80.4,0.0,0.0,0.0,0.0,0.0,1,100%,0%,0%,0%,0%,0%,MCMC,1,ci_pwrOpt_Half,3
LSM10,SEC0009178_45,79.5,68.4,0.0,0.0,0.0,0.0,2,21%,79%,0%,0%,0%,0%,MCMC,1,ci_pwrOpt_Half,1
LSM10,SEC0009192_416,81.1,0.0,0.0,0.0,0.0,0.0,1,100%,0%,0%,0%,0%,0%,MCMC,1,ci_pwrOpt_Half,2
LSM8,SEC0009199_59,78.2,64.7,0.0,0.0,0.0,70.7,3,8%,70%,0%,0%,0%,22%,MCMC,2,ci_pwrOpt_Same,1
LSM7,SEC0009204_438,85.1,0.0,0.0,0.0,0.0,0.0,1,100%,0%,0%,0%,0%,0%,MCMC,1,ci_pwrOpt_Half,1
LSM7,SEC0009206_291,89.3,65.4,79.7,0.0,0.0,0.0,3,22%,46%,32%,0%,0%,0%,MCMC,2,ci_pwrOpt_Half,4
LSM10,SEC0009211_312,70.2,0.0,0.0,0.0,0.0,0.0,1,100%,0%,0%,0%,0%,0%,MCMC,2,ci_pwrOpt_OneHalf,1
LSM10,SEC0009212_211,88.2,0.0,0.0,0.0,0.0,0.0,1,100%,0%,0%,0%,0%,0%,MCMC,1,ci_pwrOpt_Same,3
LSM10,SEC0009212_440,82.0,0.0,10.6,0.0,0.0,0.0,2,89%,0%,11%,0%,0%,0%,MCMC,2,ci_pwrOpt_Half,2
LSM7,SEC0009218_16,71.7,75.0,0.0,0.0,0.0,0.0,2,21%,79%,0%,0%,0%,0%,MCMC,1,ci_pwrOpt_Half,1
LSM7,SEC0009218_351,79.4,61.3,0.0,0.0,0.0,0.0,2,31%,69%,0%,0%,0%,0%,MCMC,2,ci_pwrOpt_Same,2
LSM7,SEC0009219_150,79.3,66.8,0.0,0.0,0.0,0.0,2,19%,81%,0%,0%,0%,0%,MCMC,1,ci_pwrOpt_Same,1
LSM7,SEC0009221_29,78.8,51.0,49.7,0.0,0.0,0.0,3,26%,53%,20%,0%,0%,0%,MCMC,1,ci_pwrOpt_Half,1
LSM10,SEC0009224_237,87.6,0.0,0.0,0.0,0.0,0.0,1,100%,0%,0%,0%,0%,0%,MCMC,1,ci_pwrOpt_Half,3
LSM10,SEC0009224_351,81.8,43.2,0.0,0.0,0.0,0.0,2,27%,73%,0%,0%,0%,0%,MCMC,1,ci_pwrOpt_Same,1
LSM10,SEC0009225_32,94.5,0.0,0.0,0.0,0.0,0.0,1,100%,0%,0%,0%,0%,0%,MCMC,2,ci_pwrOpt_Same,4
LSM10,SEC0009225_379,89.4,0.0,0.0,0.0,0.0,0.0,1,100%,0%,0%,0%,0%,0%,MCMC,2,ci_pwrOpt_Same,2
LSM10,SEC0009225_429,83.5,81.3,0.0,0.0,0.0,0.0,2,24%,76%,0%,0%,0%,0%,MCMC,2,ci_pwrOpt_Same,3
LSM10,SEC0009225_431,94.3,84.2,0.0,0.0,0.0,0.0,2,30%,70%,0%,0%,0%,0%,MCMC,2,ci_pwrOpt_Same,3
LSM6,SEC0009235_193,77.0,82.3,0.0,0.0,0.0,0.0,2,21%,79%,0%,0%,0%,0%,MCMC,1,ci_pwrOpt_OneHalf,2
LSM6,SEC0009235_68,81.8,37.5,0.0,0.0,0.0,0.0,2,51%,49%,0%,0%,0%,0%,MCMC,2,ci_pwrOpt_Same,1
LSM6,SEC0009239_382,70.7,58.2,49.4,0.0,0.0,0.0,3,20%,47%,33%,0%,0%,0%,MCMC,2,ci_pwrOpt_Same,2
LSM6,SEC0009240_360,73.2,0.0,0.0,0.0,0.0,0.0,1,100%,0%,0%,0%,0%,0%,MCMC,1,ci_pwrOpt_Half,1
LSM6,SEC0009241_56,82.4,88.6,0.0,0.0,0.0,0.0,2,21%,79%,0%,0%,0%,0%,MCMC,1,ci_pwrOpt_Same,2
LSM10,SEC0009249_366,79.2,0.0,0.0,0.0,0.0,0.0,1,100%,0%,0%,0%,0%,0%,MCMC,1,ci_pwrOpt_Same,2
LSM10,SEC0009251_31,79.1,20.7,0.0,0.0,0.0,0.0,2,38%,62%,0%,0%,0%,0%,MCMC,2,ci_pwrOpt_OneHalf,1
LSM10,SEC0009251_321,78.8,60.7,0.0,0.0,0.0,0.0,2,43%,57%,0%,0%,0%,0%,MCMC,2,ci_pwrOpt_Same,2
LSM10,SEC0009252_26,71.3,85.7,0.0,0.0,0.0,0.0,2,15%,85%,0%,0%,0%,0%,MCMC,1,ci_pwrOpt_Same,1
LSM10,SEC0009255_74,76.3,13.3,0.0,0.0,0.0,0.0,2,23%,77%,0%,0%,0%,0%,MCMC,1,ci_pwrOpt_Same,2
LSM6,SEC0009261_161,74.8,58.7,0.0,0.0,0.0,45.6,3,21%,52%,0%,0%,0%,27%,MCMC,1,ci_pwrOpt_Same,1
LSM6,SEC0009261_215,74.1,75.6,0.0,0.0,0.0,0.0,2,23%,77%,0%,0%,0%,0%,MCMC,3,ci_pwrOpt_Same,1
LSM6,SEC0009261_23,90.5,52.7,0.0,0.0,0.0,0.0,2,23%,77%,0%,0%,0%,0%,MCMC,2,ci_pwrOpt_Half,3
LSM6,SEC0009261_433,74.1,71.6,0.0,0.0,0.0,0.0,2,20%,80%,0%,0%,0%,0%,MCMC,2,ci_pwrOpt_Same,1
LSM6,SEC0009263_0,86.8,86.6,0.0,0.0,0.0,0.0,2,22%,78%,0%,0%,0%,0%,MCMC,1,ci_pwrOpt_Same,3
LSM6,SEC0009263_14,81.9,51.0,0.0,0.0,0.0,0.0,2,65%,35%,0%,0%,0%,0%,MCMC,1,ci_pwrOpt_Same,3
LSM10,SEC0009271_57,76.3,57.5,0.0,0.0,0.0,0.0,2,42%,58%,0%,0%,0%,0%,MCMC,1,ci_pwrOpt_Same,3
LSM10,SEC0009274_355,92.4,57.8,0.0,0.0,0.0,0.0,2,46%,54%,0%,0%,0%,0%,MCMC,1,ci_pwrOpt_Same,11
LSM10,SEC0009275_204,93.1,41.8,48.7,0.0,0.0,0.0,3,21%,42%,37%,0%,0%,0%,MCMC,1,ci_pwrOpt_Same,2
LSM10,SEC0009276_300,82.2,0.0,0.0,0.0,0.0,0.0,1,100%,0%,0%,0%,0%,0%,MCMC,2,ci_pwrOpt_Same,1
LSM10,SEC0009279_235,73.6,0.0,0.0,0.0,0.0,0.0,1,100%,0%,0%,0%,0%,0%,MCMC,1,ci_pwrOpt_Half,2
LSM10,SEC0009280_213,73.6,62.6,44.3,0.0,0.0,0.0,3,16%,51%,33%,0%,0%,0%,MCMC,2,ci_pwrOpt_Same,1
LSM7,SEC0009289_254,88.5,90.8,0.0,0.0,0.0,0.0,2,24%,76%,0%,0%,0%,0%,MCMC,1,ci_pwrOpt_Half,2
LSM7,SEC0009293_231,71.7,50.8,0.0,0.0,0.0,0.0,2,17%,83%,0%,0%,0%,0%,MCMC,1,ci_pwrOpt_Same,1
LSM10,SEC0009298_443,96.1,85.1,0.0,0.0,0.0,0.0,2,20%,80%,0%,0%,0%,0%,MCMC,1,ci_pwrOpt_OneHalf,6
LSM10,SEC0009300_307,84.2,46.6,0.0,0.0,0.0,0.0,2,19%,81%,0%,0%,0%,0%,MCMC,1,ci_pwrOpt_Half,1
LSM10,SEC0009300_323,93.6,37.1,0.0,0.0,0.0,0.0,2,24%,76%,0%,0%,0%,0%,MCMC,1,ci_pwrOpt_OneHalf,3
LSM10,SEC0009300_378,99.0,0.0,0.0,0.0,0.0,0.0,1,100%,0%,0%,0%,0%,0%,MCMC,1,ci_pwrOpt_Same,3
LSM10,SEC0009300_57,95.0,42.9,0.0,0.0,0.0,0.0,2,18%,82%,0%,0%,0%,0%,MCMC,1,ci_pwrOpt_Same,3
LSM6,SEC0009315_287,94.6,86.6,0.0,0.0,0.0,0.0,2,28%,72%,0%,0%,0%,0%,MCMC,2,ci_pwrOpt_Same,4
LSM6,SEC0009315_312,96.7,96.9,0.0,0.0,0.0,0.0,2,38%,62%,0%,0%,0%,0%,MCMC,2,ci_pwrOpt_OneHalf,3
LSM6,SEC0009315_389,78.7,37.6,0.0,0.0,0.0,0.0,2,68%,32%,0%,0%,0%,0%,MCMC,2,ci_pwrOpt_Half,3
LSM6,SEC0009315_430,76.7,35.8,0.0,0.0,0.0,0.0,2,25%,75%,0%,0%,0%,0%,MCMC,2,ci_pwrOpt_Half,3
LSM6,SEC0009315_431,70.8,54.0,0.0,0.0,0.0,0.0,2,34%,66%,0%,0%,0%,0%,MCMC,2,ci_pwrOpt_Same,1
LSM6,SEC0009317_237,85.8,85.4,0.0,0.0,0.0,0.0,2,27%,73%,0%,0%,0%,0%,MCMC,1,ci_pwrOpt_Half,2
LSM6,SEC0009322_146,93.9,0.0,0.0,0.0,0.0,0.0,1,100%,0%,0%,0%,0%,0%,MCMC,1,ci_pwrOpt_OneHalf,3
LSM6,SEC0009322_155,92.4,0.0,69.3,0.0,0.0,0.0,2,60%,0%,40%,0%,0%,0%,MCMC,2,ci_pwrOpt_OneHalf,2
LSM6,SEC0009323_226,73.7,67.2,68.2,0.0,0.0,0.0,3,23%,44%,33%,0%,0%,0%,MCMC,2,ci_pwrOpt_Half,3
LSM6,SEC0009324_140,81.5,61.3,0.0,0.0,0.0,53.6,3,27%,52%,0%,0%,0%,22%,MCMC,2,ci_pwrOpt_Half,2
LSM6,SEC0009324_192,78.5,87.8,0.0,0.0,0.0,0.0,2,22%,78%,0%,0%,0%,0%,MCMC,2,ci_pwrOpt_Same,2
LSM6,SEC0009324_321,83.3,81.3,0.0,0.0,0.0,0.0,2,30%,70%,0%,0%,0%,0%,MCMC,3,ci_pwrOpt_Same,5
LSM6,SEC0009326_0,88.8,63.1,0.0,0.0,0.0,0.0,2,44%,56%,0%,0%,0%,0%,MCMC,1,ci_pwrOpt_OneHalf,2
LSM6,SEC0009326_289,99.7,94.3,0.0,0.0,0.0,0.0,2,24%,76%,0%,0%,0%,0%,MCMC,1,ci_pwrOpt_OneHalf,4
LSM6,SEC0009326_59,99.0,82.8,12.3,0.0,0.0,0.0,3,35%,35%,30%,0%,0%,0%,MCMC,1,ci_pwrOpt_Same,4
LSM6,SEC0009326_96,82.0,0.0,0.0,0.0,0.0,0.0,1,100%,0%,0%,0%,0%,0%,MCMC,2,ci_pwrOpt_Same,1
LSM7,SEC0009327_316,76.2,79.5,0.0,0.0,0.0,0.0,2,19%,81%,0%,0%,0%,0%,MCMC,2,ci_pwrOpt_OneHalf,1
LSM10,SEC0009331_154,75.5,0.0,0.0,0.0,0.0,0.0,1,100%,0%,0%,0%,0%,0%,MCMC,2,ci_pwrOpt_OneHalf,1
LSM10,SEC0009331_78,93.9,0.0,0.0,0.0,0.0,0.0,1,100%,0%,0%,0%,0%,0%,MCMC,1,ci_pwrOpt_Half,3
LSM10,SEC0009332_326,72.7,55.3,0.0,0.0,0.0,0.0,2,35%,65%,0%,0%,0%,0%,MCMC,3,ci_pwrOpt_Half,1
LSM10,SEC0009332_389,72.8,56.7,58.1,0.0,0.0,0.0,3,19%,52%,29%,0%,0%,0%,MCMC,1,ci_pwrOpt_Half,1
LSM10,SEC0009332_403,74.6,52.0,0.0,0.0,0.0,0.0,2,32%,68%,0%,0%,0%,0%,MCMC,1,ci_pwrOpt_Half,1
LSM10,SEC0009332_432,88.7,87.6,0.0,0.0,0.0,0.0,2,35%,65%,0%,0%,0%,0%,MCMC,1,ci_pwrOpt_Half,6
LSM7,SEC0009334_107,70.7,52.3,48.3,0.0,0.0,0.0,3,24%,51%,25%,0%,0%,0%,MCMC,2,ci_pwrOpt_OneHalf,1
LSM7,SEC0009335_274,82.4,54.8,0.0,0.0,0.0,0.0,2,22%,78%,0%,0%,0%,0%,MCMC,2,ci_pwrOpt_Same,1
LSM7,SEC0009337_318,78.8,64.4,0.0,0.0,0.0,0.0,2,27%,73%,0%,0%,0%,0%,MCMC,1,ci_pwrOpt_Same,1
LSM10,SEC0009343_25,72.0,0.0,0.0,0.0,0.0,0.0,1,100%,0%,0%,0%,0%,0%,MCMC,1,ci_pwrOpt_OneHalf,1
LSM10,SEC0009345_424,76.6,74.9,0.0,0.0,0.0,0.0,2,34%,66%,0%,0%,0%,0%,MCMC,2,ci_pwrOpt_Same,1
LSM10,SEC0009350_120,91.4,0.0,0.0,0.0,0.0,0.0,1,100%,0%,0%,0%,0%,0%,MCMC,1,ci_pwrOpt_Same,3
LSM10,SEC0009350_207,85.7,73.0,0.0,0.0,0.0,0.0,2,47%,53%,0%,0%,0%,0%,MCMC,1,ci_pwrOpt_Same,2
LSM10,SEC0009350_367,90.9,97.5,0.0,0.0,0.0,0.0,2,48%,52%,0%,0%,0%,0%,MCMC,1,ci_pwrOpt_Half,3
LSM4,SEC0009360_212,85.2,59.1,0.0,0.0,0.0,0.0,2,22%,78%,0%,0%,0%,0%,MCMC,2,ci_pwrOpt_Half,2
LSM4,SEC0009363_196,82.2,53.1,60.0,0.0,0.0,0.0,3,40%,34%,26%,0%,0%,0%,MCMC,2,ci_pwrOpt_Same,1
LSM4,SEC0009364_59,72.2,0.0,0.0,0.0,0.0,0.0,1,100%,0%,0%,0%,0%,0%,MCMC,1,ci_pwrOpt_Half,2
LSM10,SEC0009407_125,82.0,0.0,0.0,0.0,0.0,0.0,1,100%,0%,0%,0%,0%,0%,MCMC,1,ci_pwrOpt_OneHalf,1
LSM10,SEC0009408_173,87.8,0.0,0.0,0.0,0.0,0.0,1,100%,0%,0%,0%,0%,0%,MCMC,2,ci_pwrOpt_Same,3
LSM10,SEC0009408_182,90.3,0.0,83.5,0.0,0.0,0.0,2,35%,0%,65%,0%,0%,0%,MCMC,1,ci_pwrOpt_Same,2
LSM10,SEC0009409_250,78.6,0.0,0.0,0.0,0.0,0.0,1,100%,0%,0%,0%,0%,0%,MCMC,1,ci_pwrOpt_Same,1
LSM10,SEC0009409_338,78.4,43.9,0.0,0.0,0.0,0.0,2,27%,73%,0%,0%,0%,0%,MCMC,2,ci_pwrOpt_OneHalf,1
LSM9,SEC0009549_93,99.2,97.0,82.2,0.0,81.0,0.0,4,15%,46%,19%,0%,21%,0%,MCMC,1,ci_pwrOpt_Same,12
LSM10,SEC0009598_418,84.1,84.2,0.0,0.0,0.0,0.0,2,25%,75%,0%,0%,0%,0%,MCMC,2,ci_pwrOpt_OneHalf,4
LSM6,SEC0009606_227,73.2,50.1,58.7,0.0,0.0,0.0,3,49%,30%,21%,0%,0%,0%,MCMC,2,ci_pwrOpt_Half,3
LSM9,SEC0009664_153,85.5,35.8,36.6,0.0,0.0,0.0,3,18%,52%,31%,0%,0%,0%,MCMC,1,ci_pwrOpt_Same,2
LSM1,SEC0009689_328,88.3,67.2,62.5,0.0,0.0,0.0,3,7%,22%,71%,0%,0%,0%,MCMC,2,ci_pwrOpt_Same,2
LSM9,SEC0009692_298,80.1,66.8,68.9,0.0,0.0,0.0,3,31%,37%,32%,0%,0%,0%,MCMC,1,ci_pwrOpt_Same,1
LSM3,SEC0009724_246,73.1,69.9,0.0,0.0,0.0,0.0,2,21%,79%,0%,0%,0%,0%,MCMC,1,ci_pwrOpt_Same,2
LSM2,SEC0009780_311,77.2,86.0,88.6,0.0,82.7,0.0,4,18%,48%,20%,0%,14%,0%,MCMC,1,ci_pwrOpt_Same,2
LSM2,SEC0009781_69,71.0,64.0,72.7,0.0,69.1,0.0,4,14%,40%,27%,0%,19%,0%,MCMC,1,ci_pwrOpt_Same,1
LSM3,SEC0009785_363,73.4,68.0,61.9,0.0,60.1,0.0,4,22%,28%,26%,0%,25%,0%,MCMC,1,ci_pwrOpt_Same,3
LSM3,SEC0009787_170,98.7,96.0,80.7,0.0,0.0,0.0,3,8%,64%,28%,0%,0%,0%,MCMC,2,ci_pwrOpt_Same,2
LSM4,SEC0009788_172,96.6,89.3,81.3,0.0,88.4,0.0,4,18%,31%,26%,0%,25%,0%,MCMC,2,ci_pwrOpt_Same,6
LSM4,SEC0009790_347,78.6,79.4,70.9,0.0,66.7,0.0,4,14%,39%,27%,0%,20%,0%,MCMC,1,ci_pwrOpt_Same,2
LSM6,SEC0009792_136,79.6,59.3,0.0,0.0,85.7,0.0,3,24%,48%,0%,0%,28%,0%,MCMC,3,ci_pwrOpt_Half,3
LSM5,SEC0009793_247,99.7,97.4,99.0,0.0,0.0,0.0,3,24%,47%,29%,0%,0%,0%,MCMC,1,ci_pwrOpt_Same,15
LSM1,SEC0009797_60,84.8,81.0,68.5,0.0,0.0,0.0,3,21%,46%,33%,0%,0%,0%,MCMC,2,ci_pwrOpt_Same,1
LSM3,SEC0009799_12,77.5,53.9,0.0,0.0,0.0,0.0,2,31%,69%,0%,0%,0%,0%,MCMC,1,ci_pwrOpt_Same,3
LSM10,SEC0009804_267,91.4,53.5,49.9,0.0,0.0,0.0,3,19%,52%,29%,0%,0%,0%,MCMC,1,ci_pwrOpt_Half,5
LSM10,SEC0009804_276,80.7,90.1,82.5,0.0,0.0,0.0,3,24%,51%,26%,0%,0%,0%,MCMC,1,ci_pwrOpt_Same,5
LSM10,SEC0009804_326,82.4,38.4,0.0,0.0,0.0,0.0,2,51%,49%,0%,0%,0%,0%,MCMC,2,ci_pwrOpt_Same,7
LSM6,SEC0009874_260,91.5,98.2,0.0,0.0,0.0,0.0,2,26%,74%,0%,0%,0%,0%,MCMC,1,ci_pwrOpt_Same,3
LSM6,SEC0009874_329,88.5,92.7,0.0,0.0,0.0,0.0,2,17%,83%,0%,0%,0%,0%,MCMC,1,ci_pwrOpt_OneHalf,2
LSM3,SEC0009893_381,76.1,69.6,0.0,0.0,60.1,0.0,3,26%,49%,0%,0%,25%,0%,MCMC,1,ci_pwrOpt_Same,2
LSM5,SEC0009993_367,77.7,69.1,0.0,0.0,53.6,0.0,3,23%,58%,0%,0%,19%,0%,MCMC,1,ci_pwrOpt_Same,2
LSM3,SEC0009995_227,83.2,77.3,75.5,0.0,68.1,0.0,4,20%,34%,25%,0%,21%,0%,MCMC,1,ci_pwrOpt_Same,3
LSM9,SEC0010001_245,76.8,81.9,0.0,0.0,65.7,0.0,3,21%,46%,0%,0%,34%,0%,MCMC,1,ci_pwrOpt_Same,3
LSM2,SEC0010004_104,85.7,70.1,57.4,0.0,82.6,0.0,4,13%,45%,26%,0%,15%,0%,MCMC,2,ci_pwrOpt_Same,2
LSM7,SEC0010011_112,70.4,62.0,0.0,0.0,72.1,0.0,3,19%,51%,0%,0%,30%,0%,MCMC,1,ci_pwrOpt_Same,1
LSM7,SEC0010011_143,89.7,62.4,48.5,0.0,70.4,0.0,4,15%,35%,25%,0%,25%,0%,MCMC,1,ci_pwrOpt_Half,15
LSM7,SEC0010011_255,75.5,81.0,69.2,0.0,0.0,0.0,3,17%,49%,34%,0%,0%,0%,MCMC,1,ci_pwrOpt_Same,1
LSM7,SEC0010013_38,88.1,90.7,57.0,0.0,69.5,0.0,4,22%,30%,20%,0%,28%,0%,MCMC,2,ci_pwrOpt_Same,6
LSM6,SEC0010014_259,71.9,44.4,41.5,0.0,44.5,0.0,4,14%,33%,28%,0%,25%,0%,MCMC,1,ci_pwrOpt_Same,1
LSM4,SEC0010035_288,72.6,59.7,0.0,0.0,0.0,0.0,2,21%,79%,0%,0%,0%,0%,MCMC,2,ci_pwrOpt_Same,2
LSM6,SEC0010036_12,84.7,56.9,66.3,0.0,0.0,0.0,3,19%,50%,31%,0%,0%,0%,MCMC,1,ci_pwrOpt_Half,1
LSM4,SEC0010038_441,74.0,74.1,67.2,0.0,64.9,0.0,4,15%,34%,28%,0%,24%,0%,MCMC,1,ci_pwrOpt_Same,1
LSM5,SEC0010040_423,78.9,87.3,0.0,0.0,0.0,0.0,2,20%,80%,0%,0%,0%,0%,MCMC,1,ci_pwrOpt_Same,2
LSM1,SEC0010063_349,73.0,67.7,53.4,0.0,68.3,0.0,4,18%,34%,25%,0%,22%,0%,MCMC,2,ci_pwrOpt_Same,1
LSM1,SEC0010066_75,77.9,74.7,77.2,0.0,72.3,0.0,4,15%,36%,23%,0%,26%,0%,MCMC,1,ci_pwrOpt_Same,1
LSM1,SEC0010067_319,79.2,78.1,0.0,0.0,0.0,0.0,2,19%,81%,0%,0%,0%,0%,MCMC,1,ci_pwrOpt_Same,2
LSM1,SEC0010069_54,76.6,72.4,67.6,0.0,52.7,0.0,4,19%,33%,25%,0%,23%,0%,MCMC,2,ci_pwrOpt_Same,2
LSM1,SEC0010074_139,73.4,62.9,66.7,0.0,60.2,0.0,4,12%,29%,37%,0%,23%,0%,MCMC,3,ci_pwrOpt_Same,1
LSM1,SEC0010074_162,80.9,79.9,0.0,0.0,82.0,0.0,3,21%,54%,0%,0%,25%,0%,MCMC,1,ci_pwrOpt_Same,1
LSM1,SEC0010147_295,74.9,74.2,72.1,0.0,0.0,0.0,3,17%,46%,37%,0%,0%,0%,MCMC,1,ci_pwrOpt_Same,2
LSM1,SEC0010148_189,82.2,59.7,0.0,0.0,45.9,0.0,3,22%,57%,0%,0%,21%,0%,MCMC,2,ci_pwrOpt_Same,2
LSM1,SEC0010148_409,71.0,31.6,0.0,0.0,0.0,0.0,2,55%,45%,0%,0%,0%,0%,MCMC,1,ci_pwrOpt_Same,2
LSM1,SEC0010148_444,85.2,34.0,0.0,0.0,0.0,0.0,2,34%,66%,0%,0%,0%,0%,MCMC,2,ci_pwrOpt_Same,2
LSM1,SEC0010149_199,77.6,69.0,0.0,0.0,0.0,0.0,2,25%,75%,0%,0%,0%,0%,MCMC,2,ci_pwrOpt_Same,3
LSM1,SEC0010155_97,71.2,55.9,52.6,0.0,0.0,0.0,3,20%,49%,31%,0%,0%,0%,MCMC,2,ci_pwrOpt_Same,1
LSM1,SEC0010156_357,75.5,63.2,0.0,0.0,0.0,0.0,2,24%,76%,0%,0%,0%,0%,MCMC,1,ci_pwrOpt_Same,1
LSM1,SEC0010156_73,70.4,57.6,66.8,0.0,0.0,0.0,3,8%,23%,69%,0%,0%,0%,MCMC,1,ci_pwrOpt_Same,1
LSM1,SEC0010158_259,72.2,75.1,44.6,0.0,0.0,0.0,3,17%,56%,27%,0%,0%,0%,MCMC,2,ci_pwrOpt_Same,1
LSM1,SEC0010158_436,71.2,59.2,77.8,0.0,0.0,0.0,3,17%,39%,44%,0%,0%,0%,MCMC,2,ci_pwrOpt_Same,1
LSM1,SEC0010168_299,83.5,74.2,71.0,0.0,0.0,0.0,3,17%,50%,32%,0%,0%,0%,MCMC,3,ci_pwrOpt_Same,2
LSM1,SEC0010169_234,70.5,64.3,0.0,0.0,0.0,0.0,2,43%,57%,0%,0%,0%,0%,MCMC,1,ci_pwrOpt_Same,1
LSM1,SEC0010173_338,89.5,82.6,83.7,0.0,0.0,0.0,3,20%,48%,31%,0%,0%,0%,MCMC,1,ci_pwrOpt_Same,1
LSM3,SEC0010176_299,70.8,51.4,0.0,0.0,0.0,0.0,2,33%,67%,0%,0%,0%,0%,MCMC,1,ci_pwrOpt_Same,1
LSM9,SEC0010179_149,79.3,61.9,0.0,0.0,0.0,0.0,2,27%,73%,0%,0%,0%,0%,MCMC,1,ci_pwrOpt_Same,1
LSM9,SEC0010179_165,74.9,17.0,18.0,0.0,0.0,0.0,3,55%,26%,19%,0%,0%,0%,MCMC,1,ci_pwrOpt_Same,1
LSM6,SEC0010181_428,74.7,74.6,0.0,0.0,0.0,0.0,2,19%,81%,0%,0%,0%,0%,MCMC,2,ci_pwrOpt_Half,1
LSM7,SEC0010184_107,75.8,83.2,0.0,0.0,0.0,0.0,2,18%,82%,0%,0%,0%,0%,MCMC,2,ci_pwrOpt_Same,3
LSM4,SEC0010202_277,99.9,97.6,99.6,0.0,0.0,0.0,3,46%,30%,24%,0%,0%,0%,MCMC,1,ci_pwrOpt_OneHalf,7
LSM3,SEC0010203_142,85.9,66.7,0.0,0.0,0.0,0.0,2,22%,78%,0%,0%,0%,0%,MCMC,1,ci_pwrOpt_Same,3
LSM7,SEC0010205_120,99.9,70.9,70.5,0.0,0.0,0.0,3,28%,43%,28%,0%,0%,0%,MCMC,1,ci_pwrOpt_Half,15
LSM5,SEC0010206_280,81.4,72.6,0.0,0.0,0.0,0.0,2,20%,80%,0%,0%,0%,0%,MCMC,1,ci_pwrOpt_Same,1
LSM3,SEC0010215_157,76.5,74.0,0.0,0.0,66.0,0.0,3,22%,52%,0%,0%,26%,0%,MCMC,1,ci_pwrOpt_Same,2
LSM5,SEC0010217_245,73.8,72.0,69.5,0.0,0.0,0.0,3,22%,43%,35%,0%,0%,0%,MCMC,1,ci_pwrOpt_Same,1
LSM5,SEC0010217_391,77.7,60.7,61.2,0.0,0.0,0.0,3,18%,50%,32%,0%,0%,0%,MCMC,1,ci_pwrOpt_Same,1
LSM5,SEC0010218_85,85.3,85.9,0.0,0.0,0.0,0.0,2,22%,78%,0%,0%,0%,0%,MCMC,1,ci_pwrOpt_Same,2
LSM9,SEC0010219_199,76.2,65.0,0.0,0.0,48.8,0.0,3,14%,47%,0%,0%,38%,0%,MCMC,2,ci_pwrOpt_Same,1
LSM4,SEC0010223_255,75.6,77.3,0.0,0.0,0.0,0.0,2,19%,81%,0%,0%,0%,0%,MCMC,1,ci_pwrOpt_Same,1
LSM4,SEC0010223_329,78.6,58.0,66.8,0.0,53.6,0.0,4,21%,28%,28%,0%,23%,0%,MCMC,2,ci_pwrOpt_Same,2
LSM4,SEC0010223_412,74.1,65.0,0.0,0.0,55.8,0.0,3,14%,66%,0%,0%,20%,0%,MCMC,1,ci_pwrOpt_Same,1
LSM6,SEC0010290_162,99.9,97.7,0.0,0.0,0.0,0.0,2,30%,70%,0%,0%,0%,0%,MCMC,1,ci_pwrOpt_Half,6
LSM7,SEC0010291_234,79.4,59.3,57.9,0.0,0.0,0.0,3,26%,45%,30%,0%,0%,0%,MCMC,2,ci_pwrOpt_Half,1
LSM7,SEC0010291_382,87.7,93.5,91.4,0.0,0.0,0.0,3,22%,48%,31%,0%,0%,0%,MCMC,1,ci_pwrOpt_Half,6
LSM7,SEC0010291_99,99.9,86.1,90.9,0.0,0.0,0.0,3,24%,43%,33%,0%,0%,0%,MCMC,1,ci_pwrOpt_Half,15
LSM1,SEC0010295_380,73.7,72.8,0.0,0.0,0.0,0.0,2,26%,74%,0%,0%,0%,0%,MCMC,3,ci_pwrOpt_Half,2
LSM1,SEC0010295_85,75.3,74.3,0.0,0.0,0.0,0.0,2,19%,81%,0%,0%,0%,0%,MCMC,1,ci_pwrOpt_Half,1
LSM6,SEC0010308_199,76.8,27.2,40.6,0.0,0.0,0.0,3,28%,40%,31%,0%,0%,0%,MCMC,2,ci_pwrOpt_Half,1
LSM6,SEC0010370_426,80.2,0.0,0.0,0.0,0.0,0.0,1,100%,0%,0%,0%,0%,0%,MCMC,1,ci_pwrOpt_Half,2
LSM5,SEC0010372_171,97.8,0.0,0.0,0.0,0.0,0.0,1,100%,0%,0%,0%,0%,0%,MCMC,1,ci_pwrOpt_Half,3
LSM5,SEC0010372_44,98.2,86.2,0.0,0.0,0.0,0.0,2,18%,82%,0%,0%,0%,0%,n2RxAntCnt,1,ci_pwrOpt_Half,3
LSM7,SEC0010380_270,78.2,52.4,52.3,0.0,0.0,0.0,3,29%,46%,25%,0%,0%,0%,MCMC,1,ci_pwrOpt_Half,1
LSM7,SEC0010380_45,72.9,61.2,44.4,0.0,0.0,0.0,3,47%,46%,7%,0%,0%,0%,MCMC,2,ci_pwrOpt_Half,1
LSM9,SEC0010393_126,83.1,67.9,27.1,0.0,0.0,0.0,3,34%,41%,25%,0%,0%,0%,MCMC,1,ci_pwrOpt_Half,2
LSM9,SEC0010500_416,73.9,42.8,71.4,0.0,0.0,0.0,3,26%,39%,35%,0%,0%,0%,MCMC,1,ci_pwrOpt_Half,2
LSM1,SEC0010502_160,75.7,48.8,46.7,0.0,0.0,0.0,3,72%,26%,2%,0%,0%,0%,MCMC,1,ci_pwrOpt_Half,1
LSM14,SEC0010581_11,72.9,83.5,0.0,0.0,0.0,0.0,2,19%,81%,0%,0%,0%,0%,MCMC,1,ci_pwrOpt_Half,1
LSM14,SEC0010584_221,72.4,45.3,19.0,0.0,0.0,0.0,3,49%,51%,0%,0%,0%,0%,MCMC,2,ci_pwrOpt_Half,1
LSM14,SEC0010590_165,71.5,21.8,39.3,0.0,0.0,0.0,3,51%,49%,0%,0%,0%,0%,MCMC,1,ci_pwrOpt_Half,1
LSM14,SEC0010590_244,84.2,94.0,90.4,0.0,0.0,0.0,3,41%,59%,0%,0%,0%,0%,MCMC,1,ci_pwrOpt_Half,1
LSM14,SEC0010590_323,97.6,97.1,93.6,0.0,0.0,0.0,3,45%,55%,0%,0%,0%,0%,MCMC,1,ci_pwrOpt_Half,3
LSM14,SEC0010604_272,81.5,37.8,29.3,0.0,0.0,0.0,3,27%,73%,0%,0%,0%,0%,MCMC,2,ci_pwrOpt_Half,2
LSM14,SEC0010610_252,99.2,9.0,68.3,0.0,0.0,0.0,3,55%,45%,0%,0%,0%,0%,MCMC,1,ci_pwrOpt_Half,3
LSM14,SEC0010611_401,99.3,62.3,47.0,0.0,0.0,0.0,3,24%,76%,0%,0%,0%,0%,MCMC,1,ci_pwrOpt_Half,4
LSM14,SEC0010611_443,90.1,30.9,13.6,0.0,0.0,0.0,3,26%,74%,0%,0%,0%,0%,MCMC,1,ci_pwrOpt_Same,3
LSM14,SEC0010620_454,87.7,29.4,24.6,0.0,0.0,0.0,3,48%,52%,0%,0%,0%,0%,MCMC,2,ci_pwrOpt_Same,3
LSM14,SEC0010632_341,72.6,46.7,32.0,0.0,0.0,0.0,3,30%,70%,0%,0%,0%,0%,MCMC,2,ci_pwrOpt_Half,1
LSM14,SEC0010633_422,71.1,75.9,51.5,0.0,0.0,0.0,3,30%,70%,0%,0%,0%,0%,MCMC,2,ci_pwrOpt_Half,1
LSM13,SEC0010638_384,77.8,43.0,41.7,0.0,0.0,0.0,3,34%,33%,34%,0%,0%,0%,MCMC,2,ci_pwrOpt_Half,1
LSM13,SEC0010642_184,71.0,48.1,41.9,0.0,0.0,0.0,3,36%,64%,0%,0%,0%,0%,MCMC,2,ci_pwrOpt_Half,1
LSM13,SEC0010643_56,72.4,67.1,40.8,0.0,0.0,0.0,3,23%,77%,0%,0%,0%,0%,MCMC,2,ci_pwrOpt_Half,1
LSM13,SEC0010645_34,73.1,0.0,0.0,0.0,0.0,0.0,1,100%,0%,0%,0%,0%,0%,MCMC,2,ci_pwrOpt_Same,1
LSM13,SEC0010651_304,71.4,25.5,17.8,0.0,0.0,0.0,3,34%,66%,0%,0%,0%,0%,MCMC,2,ci_pwrOpt_Half,1
LSM13,SEC0010656_332,76.8,41.4,33.0,0.0,0.0,0.0,3,23%,77%,0%,0%,0%,0%,MCMC,2,ci_pwrOpt_Half,2
LSM13,SEC0010661_150,74.3,52.0,26.2,0.0,0.0,0.0,3,31%,69%,0%,0%,0%,0%,MCMC,2,ci_pwrOpt_Same,1
LSM13,SEC0010673_104,73.9,37.5,25.4,0.0,0.0,0.0,3,35%,65%,0%,0%,0%,0%,MCMC,2,ci_pwrOpt_Same,1
LSM13,SEC0010675_328,87.2,36.9,32.4,0.0,0.0,0.0,3,63%,37%,0%,0%,0%,0%,MCMC,1,ci_pwrOpt_Half,8
LSM13,SEC0010676_118,98.4,93.1,92.8,0.0,0.0,0.0,3,39%,61%,0%,0%,0%,0%,MCMC,2,ci_pwrOpt_Half,2
LSM13,SEC0010676_255,78.3,76.5,69.9,0.0,0.0,0.0,3,28%,72%,0%,0%,0%,0%,MCMC,2,ci_pwrOpt_Half,1
LSM13,SEC0010676_35,95.8,26.9,18.4,0.0,0.0,0.0,3,48%,52%,0%,0%,0%,0%,MCMC,2,ci_pwrOpt_Same,3
LSM10,SEC0010777_132,75.1,0.0,0.0,0.0,0.0,0.0,1,100%,0%,0%,0%,0%,0%,MCMC,1,ci_pwrOpt_Half,2
LSM10,SEC0010777_440,97.3,0.0,0.0,0.0,0.0,0.0,1,100%,0%,0%,0%,0%,0%,MCMC,1,ci_pwrOpt_Half,2
LSM3,SEC0010787_269,79.5,58.7,0.0,0.0,55.9,0.0,3,38%,44%,0%,0%,19%,0%,MCMC,2,ci_pwrOpt_Half,2
LSM2,SEC0440009_263,84.8,79.2,0.0,0.0,0.0,0.0,2,20%,80%,0%,0%,0%,0%,MCMC,1,ci_pwrOpt_Same,4
LSM10,SEC9000000_81,77.9,0.0,51.3,0.0,0.0,0.0,2,28%,0%,72%,0%,0%,0%,MCMC,1,ci_pwrOpt_Same,3
